File,NEF,TIFF
r001d260dt,http://193.205.194.113/RAISE/NEF/r001d260dt.NEF, http://193.205.194.113/RAISE/TIFF/r001d260dt.TIF
r002fc3e2t,http://193.205.194.113/RAISE/NEF/r002fc3e2t.NEF, http://193.205.194.113/RAISE/TIFF/r002fc3e2t.TIF
r00444b95t,http://193.205.194.113/RAISE/NEF/r00444b95t.NEF, http://193.205.194.113/RAISE/TIFF/r00444b95t.TIF
r00617aa1t,http://193.205.194.113/RAISE/NEF/r00617aa1t.NEF, http://193.205.194.113/RAISE/TIFF/r00617aa1t.TIF
r00679daet,http://193.205.194.113/RAISE/NEF/r00679daet.NEF, http://193.205.194.113/RAISE/TIFF/r00679daet.TIF
r006fcc20t,http://193.205.194.113/RAISE/NEF/r006fcc20t.NEF, http://193.205.194.113/RAISE/TIFF/r006fcc20t.TIF
r007f5116t,http://193.205.194.113/RAISE/NEF/r007f5116t.NEF, http://193.205.194.113/RAISE/TIFF/r007f5116t.TIF
r00816405t,http://193.205.194.113/RAISE/NEF/r00816405t.NEF, http://193.205.194.113/RAISE/TIFF/r00816405t.TIF
r00879054t,http://193.205.194.113/RAISE/NEF/r00879054t.NEF, http://193.205.194.113/RAISE/TIFF/r00879054t.TIF
r008a2095t,http://193.205.194.113/RAISE/NEF/r008a2095t.NEF, http://193.205.194.113/RAISE/TIFF/r008a2095t.TIF
r008ed083t,http://193.205.194.113/RAISE/NEF/r008ed083t.NEF, http://193.205.194.113/RAISE/TIFF/r008ed083t.TIF
r00c4a543t,http://193.205.194.113/RAISE/NEF/r00c4a543t.NEF, http://193.205.194.113/RAISE/TIFF/r00c4a543t.TIF
r00d161b7t,http://193.205.194.113/RAISE/NEF/r00d161b7t.NEF, http://193.205.194.113/RAISE/TIFF/r00d161b7t.TIF
r00de2590t,http://193.205.194.113/RAISE/NEF/r00de2590t.NEF, http://193.205.194.113/RAISE/TIFF/r00de2590t.TIF
r01170470t,http://193.205.194.113/RAISE/NEF/r01170470t.NEF, http://193.205.194.113/RAISE/TIFF/r01170470t.TIF
r01291f20t,http://193.205.194.113/RAISE/NEF/r01291f20t.NEF, http://193.205.194.113/RAISE/TIFF/r01291f20t.TIF
r01292fd8t,http://193.205.194.113/RAISE/NEF/r01292fd8t.NEF, http://193.205.194.113/RAISE/TIFF/r01292fd8t.TIF
r012b0f30t,http://193.205.194.113/RAISE/NEF/r012b0f30t.NEF, http://193.205.194.113/RAISE/TIFF/r012b0f30t.TIF
r012d1dbet,http://193.205.194.113/RAISE/NEF/r012d1dbet.NEF, http://193.205.194.113/RAISE/TIFF/r012d1dbet.TIF
r0141f0c9t,http://193.205.194.113/RAISE/NEF/r0141f0c9t.NEF, http://193.205.194.113/RAISE/TIFF/r0141f0c9t.TIF
r01474187t,http://193.205.194.113/RAISE/NEF/r01474187t.NEF, http://193.205.194.113/RAISE/TIFF/r01474187t.TIF
r0149a21ct,http://193.205.194.113/RAISE/NEF/r0149a21ct.NEF, http://193.205.194.113/RAISE/TIFF/r0149a21ct.TIF
r01511e3et,http://193.205.194.113/RAISE/NEF/r01511e3et.NEF, http://193.205.194.113/RAISE/TIFF/r01511e3et.TIF
r01559391t,http://193.205.194.113/RAISE/NEF/r01559391t.NEF, http://193.205.194.113/RAISE/TIFF/r01559391t.TIF
r015b453ft,http://193.205.194.113/RAISE/NEF/r015b453ft.NEF, http://193.205.194.113/RAISE/TIFF/r015b453ft.TIF
r0176fbcat,http://193.205.194.113/RAISE/NEF/r0176fbcat.NEF, http://193.205.194.113/RAISE/TIFF/r0176fbcat.TIF
r017904f0t,http://193.205.194.113/RAISE/NEF/r017904f0t.NEF, http://193.205.194.113/RAISE/TIFF/r017904f0t.TIF
r018ba134t,http://193.205.194.113/RAISE/NEF/r018ba134t.NEF, http://193.205.194.113/RAISE/TIFF/r018ba134t.TIF
r018e74fet,http://193.205.194.113/RAISE/NEF/r018e74fet.NEF, http://193.205.194.113/RAISE/TIFF/r018e74fet.TIF
r0191aaf4t,http://193.205.194.113/RAISE/NEF/r0191aaf4t.NEF, http://193.205.194.113/RAISE/TIFF/r0191aaf4t.TIF
r01a31693t,http://193.205.194.113/RAISE/NEF/r01a31693t.NEF, http://193.205.194.113/RAISE/TIFF/r01a31693t.TIF
r01b3f004t,http://193.205.194.113/RAISE/NEF/r01b3f004t.NEF, http://193.205.194.113/RAISE/TIFF/r01b3f004t.TIF
r01cbb7fdt,http://193.205.194.113/RAISE/NEF/r01cbb7fdt.NEF, http://193.205.194.113/RAISE/TIFF/r01cbb7fdt.TIF
r01d0b83bt,http://193.205.194.113/RAISE/NEF/r01d0b83bt.NEF, http://193.205.194.113/RAISE/TIFF/r01d0b83bt.TIF
r01d9da09t,http://193.205.194.113/RAISE/NEF/r01d9da09t.NEF, http://193.205.194.113/RAISE/TIFF/r01d9da09t.TIF
r01ef1b4at,http://193.205.194.113/RAISE/NEF/r01ef1b4at.NEF, http://193.205.194.113/RAISE/TIFF/r01ef1b4at.TIF
r021429abt,http://193.205.194.113/RAISE/NEF/r021429abt.NEF, http://193.205.194.113/RAISE/TIFF/r021429abt.TIF
r02189767t,http://193.205.194.113/RAISE/NEF/r02189767t.NEF, http://193.205.194.113/RAISE/TIFF/r02189767t.TIF
r02210c2at,http://193.205.194.113/RAISE/NEF/r02210c2at.NEF, http://193.205.194.113/RAISE/TIFF/r02210c2at.TIF
r0225b88bt,http://193.205.194.113/RAISE/NEF/r0225b88bt.NEF, http://193.205.194.113/RAISE/TIFF/r0225b88bt.TIF
r02354285t,http://193.205.194.113/RAISE/NEF/r02354285t.NEF, http://193.205.194.113/RAISE/TIFF/r02354285t.TIF
r0249f733t,http://193.205.194.113/RAISE/NEF/r0249f733t.NEF, http://193.205.194.113/RAISE/TIFF/r0249f733t.TIF
r02508493t,http://193.205.194.113/RAISE/NEF/r02508493t.NEF, http://193.205.194.113/RAISE/TIFF/r02508493t.TIF
r0250eb80t,http://193.205.194.113/RAISE/NEF/r0250eb80t.NEF, http://193.205.194.113/RAISE/TIFF/r0250eb80t.TIF
r02513d19t,http://193.205.194.113/RAISE/NEF/r02513d19t.NEF, http://193.205.194.113/RAISE/TIFF/r02513d19t.TIF
r026cedb7t,http://193.205.194.113/RAISE/NEF/r026cedb7t.NEF, http://193.205.194.113/RAISE/TIFF/r026cedb7t.TIF
r027a692ft,http://193.205.194.113/RAISE/NEF/r027a692ft.NEF, http://193.205.194.113/RAISE/TIFF/r027a692ft.TIF
r0281b52at,http://193.205.194.113/RAISE/NEF/r0281b52at.NEF, http://193.205.194.113/RAISE/TIFF/r0281b52at.TIF
r0284aa1at,http://193.205.194.113/RAISE/NEF/r0284aa1at.NEF, http://193.205.194.113/RAISE/TIFF/r0284aa1at.TIF
r0287344at,http://193.205.194.113/RAISE/NEF/r0287344at.NEF, http://193.205.194.113/RAISE/TIFF/r0287344at.TIF
r028896d3t,http://193.205.194.113/RAISE/NEF/r028896d3t.NEF, http://193.205.194.113/RAISE/TIFF/r028896d3t.TIF
r0288b58ct,http://193.205.194.113/RAISE/NEF/r0288b58ct.NEF, http://193.205.194.113/RAISE/TIFF/r0288b58ct.TIF
r029afdb0t,http://193.205.194.113/RAISE/NEF/r029afdb0t.NEF, http://193.205.194.113/RAISE/TIFF/r029afdb0t.TIF
r02a0839et,http://193.205.194.113/RAISE/NEF/r02a0839et.NEF, http://193.205.194.113/RAISE/TIFF/r02a0839et.TIF
r02a21f6ct,http://193.205.194.113/RAISE/NEF/r02a21f6ct.NEF, http://193.205.194.113/RAISE/TIFF/r02a21f6ct.TIF
r02b3a1ddt,http://193.205.194.113/RAISE/NEF/r02b3a1ddt.NEF, http://193.205.194.113/RAISE/TIFF/r02b3a1ddt.TIF
r02b7536at,http://193.205.194.113/RAISE/NEF/r02b7536at.NEF, http://193.205.194.113/RAISE/TIFF/r02b7536at.TIF
r02d732f8t,http://193.205.194.113/RAISE/NEF/r02d732f8t.NEF, http://193.205.194.113/RAISE/TIFF/r02d732f8t.TIF
r02e1abe2t,http://193.205.194.113/RAISE/NEF/r02e1abe2t.NEF, http://193.205.194.113/RAISE/TIFF/r02e1abe2t.TIF
r02f1ba48t,http://193.205.194.113/RAISE/NEF/r02f1ba48t.NEF, http://193.205.194.113/RAISE/TIFF/r02f1ba48t.TIF
r02f5c155t,http://193.205.194.113/RAISE/NEF/r02f5c155t.NEF, http://193.205.194.113/RAISE/TIFF/r02f5c155t.TIF
r02f9f53et,http://193.205.194.113/RAISE/NEF/r02f9f53et.NEF, http://193.205.194.113/RAISE/TIFF/r02f9f53et.TIF
r03193652t,http://193.205.194.113/RAISE/NEF/r03193652t.NEF, http://193.205.194.113/RAISE/TIFF/r03193652t.TIF
r03389e9bt,http://193.205.194.113/RAISE/NEF/r03389e9bt.NEF, http://193.205.194.113/RAISE/TIFF/r03389e9bt.TIF
r033daaa0t,http://193.205.194.113/RAISE/NEF/r033daaa0t.NEF, http://193.205.194.113/RAISE/TIFF/r033daaa0t.TIF
r0341853dt,http://193.205.194.113/RAISE/NEF/r0341853dt.NEF, http://193.205.194.113/RAISE/TIFF/r0341853dt.TIF
r0356ea60t,http://193.205.194.113/RAISE/NEF/r0356ea60t.NEF, http://193.205.194.113/RAISE/TIFF/r0356ea60t.TIF
r037a250ft,http://193.205.194.113/RAISE/NEF/r037a250ft.NEF, http://193.205.194.113/RAISE/TIFF/r037a250ft.TIF
r0383e9c3t,http://193.205.194.113/RAISE/NEF/r0383e9c3t.NEF, http://193.205.194.113/RAISE/TIFF/r0383e9c3t.TIF
r038422cft,http://193.205.194.113/RAISE/NEF/r038422cft.NEF, http://193.205.194.113/RAISE/TIFF/r038422cft.TIF
r038922cbt,http://193.205.194.113/RAISE/NEF/r038922cbt.NEF, http://193.205.194.113/RAISE/TIFF/r038922cbt.TIF
r03995a8ct,http://193.205.194.113/RAISE/NEF/r03995a8ct.NEF, http://193.205.194.113/RAISE/TIFF/r03995a8ct.TIF
r039a5ef5t,http://193.205.194.113/RAISE/NEF/r039a5ef5t.NEF, http://193.205.194.113/RAISE/TIFF/r039a5ef5t.TIF
r039a851bt,http://193.205.194.113/RAISE/NEF/r039a851bt.NEF, http://193.205.194.113/RAISE/TIFF/r039a851bt.TIF
r03aa5df1t,http://193.205.194.113/RAISE/NEF/r03aa5df1t.NEF, http://193.205.194.113/RAISE/TIFF/r03aa5df1t.TIF
r03b0c944t,http://193.205.194.113/RAISE/NEF/r03b0c944t.NEF, http://193.205.194.113/RAISE/TIFF/r03b0c944t.TIF
r03bf5648t,http://193.205.194.113/RAISE/NEF/r03bf5648t.NEF, http://193.205.194.113/RAISE/TIFF/r03bf5648t.TIF
r03c8ddcft,http://193.205.194.113/RAISE/NEF/r03c8ddcft.NEF, http://193.205.194.113/RAISE/TIFF/r03c8ddcft.TIF
r03cef811t,http://193.205.194.113/RAISE/NEF/r03cef811t.NEF, http://193.205.194.113/RAISE/TIFF/r03cef811t.TIF
r03d2a758t,http://193.205.194.113/RAISE/NEF/r03d2a758t.NEF, http://193.205.194.113/RAISE/TIFF/r03d2a758t.TIF
r03f41fdct,http://193.205.194.113/RAISE/NEF/r03f41fdct.NEF, http://193.205.194.113/RAISE/TIFF/r03f41fdct.TIF
r0408fe9ft,http://193.205.194.113/RAISE/NEF/r0408fe9ft.NEF, http://193.205.194.113/RAISE/TIFF/r0408fe9ft.TIF
r040b3002t,http://193.205.194.113/RAISE/NEF/r040b3002t.NEF, http://193.205.194.113/RAISE/TIFF/r040b3002t.TIF
r04160d64t,http://193.205.194.113/RAISE/NEF/r04160d64t.NEF, http://193.205.194.113/RAISE/TIFF/r04160d64t.TIF
r04172edct,http://193.205.194.113/RAISE/NEF/r04172edct.NEF, http://193.205.194.113/RAISE/TIFF/r04172edct.TIF
r0417f5e3t,http://193.205.194.113/RAISE/NEF/r0417f5e3t.NEF, http://193.205.194.113/RAISE/TIFF/r0417f5e3t.TIF
r041c02cat,http://193.205.194.113/RAISE/NEF/r041c02cat.NEF, http://193.205.194.113/RAISE/TIFF/r041c02cat.TIF
r042d5308t,http://193.205.194.113/RAISE/NEF/r042d5308t.NEF, http://193.205.194.113/RAISE/TIFF/r042d5308t.TIF
r042d7b17t,http://193.205.194.113/RAISE/NEF/r042d7b17t.NEF, http://193.205.194.113/RAISE/TIFF/r042d7b17t.TIF
r0438eb97t,http://193.205.194.113/RAISE/NEF/r0438eb97t.NEF, http://193.205.194.113/RAISE/TIFF/r0438eb97t.TIF
r043951a3t,http://193.205.194.113/RAISE/NEF/r043951a3t.NEF, http://193.205.194.113/RAISE/TIFF/r043951a3t.TIF
r045be2act,http://193.205.194.113/RAISE/NEF/r045be2act.NEF, http://193.205.194.113/RAISE/TIFF/r045be2act.TIF
r0465565ct,http://193.205.194.113/RAISE/NEF/r0465565ct.NEF, http://193.205.194.113/RAISE/TIFF/r0465565ct.TIF
r046852c1t,http://193.205.194.113/RAISE/NEF/r046852c1t.NEF, http://193.205.194.113/RAISE/TIFF/r046852c1t.TIF
r047aa954t,http://193.205.194.113/RAISE/NEF/r047aa954t.NEF, http://193.205.194.113/RAISE/TIFF/r047aa954t.TIF
r04851bf9t,http://193.205.194.113/RAISE/NEF/r04851bf9t.NEF, http://193.205.194.113/RAISE/TIFF/r04851bf9t.TIF
r0487f5cet,http://193.205.194.113/RAISE/NEF/r0487f5cet.NEF, http://193.205.194.113/RAISE/TIFF/r0487f5cet.TIF
r04989a70t,http://193.205.194.113/RAISE/NEF/r04989a70t.NEF, http://193.205.194.113/RAISE/TIFF/r04989a70t.TIF
r049f471dt,http://193.205.194.113/RAISE/NEF/r049f471dt.NEF, http://193.205.194.113/RAISE/TIFF/r049f471dt.TIF
r04b4d5aft,http://193.205.194.113/RAISE/NEF/r04b4d5aft.NEF, http://193.205.194.113/RAISE/TIFF/r04b4d5aft.TIF
r04c11390t,http://193.205.194.113/RAISE/NEF/r04c11390t.NEF, http://193.205.194.113/RAISE/TIFF/r04c11390t.TIF
r04c566a0t,http://193.205.194.113/RAISE/NEF/r04c566a0t.NEF, http://193.205.194.113/RAISE/TIFF/r04c566a0t.TIF
r04cfa379t,http://193.205.194.113/RAISE/NEF/r04cfa379t.NEF, http://193.205.194.113/RAISE/TIFF/r04cfa379t.TIF
r04e19833t,http://193.205.194.113/RAISE/NEF/r04e19833t.NEF, http://193.205.194.113/RAISE/TIFF/r04e19833t.TIF
r04eb0d0ft,http://193.205.194.113/RAISE/NEF/r04eb0d0ft.NEF, http://193.205.194.113/RAISE/TIFF/r04eb0d0ft.TIF
r04eda41ct,http://193.205.194.113/RAISE/NEF/r04eda41ct.NEF, http://193.205.194.113/RAISE/TIFF/r04eda41ct.TIF
r0515a051t,http://193.205.194.113/RAISE/NEF/r0515a051t.NEF, http://193.205.194.113/RAISE/TIFF/r0515a051t.TIF
r0518cf5dt,http://193.205.194.113/RAISE/NEF/r0518cf5dt.NEF, http://193.205.194.113/RAISE/TIFF/r0518cf5dt.TIF
r0527f7e6t,http://193.205.194.113/RAISE/NEF/r0527f7e6t.NEF, http://193.205.194.113/RAISE/TIFF/r0527f7e6t.TIF
r052df821t,http://193.205.194.113/RAISE/NEF/r052df821t.NEF, http://193.205.194.113/RAISE/TIFF/r052df821t.TIF
r052e9174t,http://193.205.194.113/RAISE/NEF/r052e9174t.NEF, http://193.205.194.113/RAISE/TIFF/r052e9174t.TIF
r05647b9at,http://193.205.194.113/RAISE/NEF/r05647b9at.NEF, http://193.205.194.113/RAISE/TIFF/r05647b9at.TIF
r056c0ee6t,http://193.205.194.113/RAISE/NEF/r056c0ee6t.NEF, http://193.205.194.113/RAISE/TIFF/r056c0ee6t.TIF
r056d6bebt,http://193.205.194.113/RAISE/NEF/r056d6bebt.NEF, http://193.205.194.113/RAISE/TIFF/r056d6bebt.TIF
r056daad2t,http://193.205.194.113/RAISE/NEF/r056daad2t.NEF, http://193.205.194.113/RAISE/TIFF/r056daad2t.TIF
r05718fd6t,http://193.205.194.113/RAISE/NEF/r05718fd6t.NEF, http://193.205.194.113/RAISE/TIFF/r05718fd6t.TIF
r057282fet,http://193.205.194.113/RAISE/NEF/r057282fet.NEF, http://193.205.194.113/RAISE/TIFF/r057282fet.TIF
r05839451t,http://193.205.194.113/RAISE/NEF/r05839451t.NEF, http://193.205.194.113/RAISE/TIFF/r05839451t.TIF
r0589558at,http://193.205.194.113/RAISE/NEF/r0589558at.NEF, http://193.205.194.113/RAISE/TIFF/r0589558at.TIF
r059ce7d0t,http://193.205.194.113/RAISE/NEF/r059ce7d0t.NEF, http://193.205.194.113/RAISE/TIFF/r059ce7d0t.TIF
r05a7750et,http://193.205.194.113/RAISE/NEF/r05a7750et.NEF, http://193.205.194.113/RAISE/TIFF/r05a7750et.TIF
r05d35656t,http://193.205.194.113/RAISE/NEF/r05d35656t.NEF, http://193.205.194.113/RAISE/TIFF/r05d35656t.TIF
r05d59d7ct,http://193.205.194.113/RAISE/NEF/r05d59d7ct.NEF, http://193.205.194.113/RAISE/TIFF/r05d59d7ct.TIF
r05db7e7ft,http://193.205.194.113/RAISE/NEF/r05db7e7ft.NEF, http://193.205.194.113/RAISE/TIFF/r05db7e7ft.TIF
r05f66e6dt,http://193.205.194.113/RAISE/NEF/r05f66e6dt.NEF, http://193.205.194.113/RAISE/TIFF/r05f66e6dt.TIF
r0603031et,http://193.205.194.113/RAISE/NEF/r0603031et.NEF, http://193.205.194.113/RAISE/TIFF/r0603031et.TIF
r061433aft,http://193.205.194.113/RAISE/NEF/r061433aft.NEF, http://193.205.194.113/RAISE/TIFF/r061433aft.TIF
r061db45ft,http://193.205.194.113/RAISE/NEF/r061db45ft.NEF, http://193.205.194.113/RAISE/TIFF/r061db45ft.TIF
r062b9259t,http://193.205.194.113/RAISE/NEF/r062b9259t.NEF, http://193.205.194.113/RAISE/TIFF/r062b9259t.TIF
r063d8a61t,http://193.205.194.113/RAISE/NEF/r063d8a61t.NEF, http://193.205.194.113/RAISE/TIFF/r063d8a61t.TIF
r0648cff8t,http://193.205.194.113/RAISE/NEF/r0648cff8t.NEF, http://193.205.194.113/RAISE/TIFF/r0648cff8t.TIF
r065472d8t,http://193.205.194.113/RAISE/NEF/r065472d8t.NEF, http://193.205.194.113/RAISE/TIFF/r065472d8t.TIF
r066358d3t,http://193.205.194.113/RAISE/NEF/r066358d3t.NEF, http://193.205.194.113/RAISE/TIFF/r066358d3t.TIF
r06691aa5t,http://193.205.194.113/RAISE/NEF/r06691aa5t.NEF, http://193.205.194.113/RAISE/TIFF/r06691aa5t.TIF
r066ef803t,http://193.205.194.113/RAISE/NEF/r066ef803t.NEF, http://193.205.194.113/RAISE/TIFF/r066ef803t.TIF
r06743f8ft,http://193.205.194.113/RAISE/NEF/r06743f8ft.NEF, http://193.205.194.113/RAISE/TIFF/r06743f8ft.TIF
r0676c50at,http://193.205.194.113/RAISE/NEF/r0676c50at.NEF, http://193.205.194.113/RAISE/TIFF/r0676c50at.TIF
r06836fdat,http://193.205.194.113/RAISE/NEF/r06836fdat.NEF, http://193.205.194.113/RAISE/TIFF/r06836fdat.TIF
r068812d7t,http://193.205.194.113/RAISE/NEF/r068812d7t.NEF, http://193.205.194.113/RAISE/TIFF/r068812d7t.TIF
r06888d38t,http://193.205.194.113/RAISE/NEF/r06888d38t.NEF, http://193.205.194.113/RAISE/TIFF/r06888d38t.TIF
r069e346et,http://193.205.194.113/RAISE/NEF/r069e346et.NEF, http://193.205.194.113/RAISE/TIFF/r069e346et.TIF
r06a52b7bt,http://193.205.194.113/RAISE/NEF/r06a52b7bt.NEF, http://193.205.194.113/RAISE/TIFF/r06a52b7bt.TIF
r06aa7dabt,http://193.205.194.113/RAISE/NEF/r06aa7dabt.NEF, http://193.205.194.113/RAISE/TIFF/r06aa7dabt.TIF
r06b161adt,http://193.205.194.113/RAISE/NEF/r06b161adt.NEF, http://193.205.194.113/RAISE/TIFF/r06b161adt.TIF
r06b7849at,http://193.205.194.113/RAISE/NEF/r06b7849at.NEF, http://193.205.194.113/RAISE/TIFF/r06b7849at.TIF
r06bfc92at,http://193.205.194.113/RAISE/NEF/r06bfc92at.NEF, http://193.205.194.113/RAISE/TIFF/r06bfc92at.TIF
r06c4bcb9t,http://193.205.194.113/RAISE/NEF/r06c4bcb9t.NEF, http://193.205.194.113/RAISE/TIFF/r06c4bcb9t.TIF
r06cad2d6t,http://193.205.194.113/RAISE/NEF/r06cad2d6t.NEF, http://193.205.194.113/RAISE/TIFF/r06cad2d6t.TIF
r06d3ac60t,http://193.205.194.113/RAISE/NEF/r06d3ac60t.NEF, http://193.205.194.113/RAISE/TIFF/r06d3ac60t.TIF
r0701ca45t,http://193.205.194.113/RAISE/NEF/r0701ca45t.NEF, http://193.205.194.113/RAISE/TIFF/r0701ca45t.TIF
r0703243bt,http://193.205.194.113/RAISE/NEF/r0703243bt.NEF, http://193.205.194.113/RAISE/TIFF/r0703243bt.TIF
r0708431at,http://193.205.194.113/RAISE/NEF/r0708431at.NEF, http://193.205.194.113/RAISE/TIFF/r0708431at.TIF
r072421a1t,http://193.205.194.113/RAISE/NEF/r072421a1t.NEF, http://193.205.194.113/RAISE/TIFF/r072421a1t.TIF
r072d955bt,http://193.205.194.113/RAISE/NEF/r072d955bt.NEF, http://193.205.194.113/RAISE/TIFF/r072d955bt.TIF
r0744a10et,http://193.205.194.113/RAISE/NEF/r0744a10et.NEF, http://193.205.194.113/RAISE/TIFF/r0744a10et.TIF
r07598392t,http://193.205.194.113/RAISE/NEF/r07598392t.NEF, http://193.205.194.113/RAISE/TIFF/r07598392t.TIF
r075baf3ct,http://193.205.194.113/RAISE/NEF/r075baf3ct.NEF, http://193.205.194.113/RAISE/TIFF/r075baf3ct.TIF
r0773471dt,http://193.205.194.113/RAISE/NEF/r0773471dt.NEF, http://193.205.194.113/RAISE/TIFF/r0773471dt.TIF
r0777fea4t,http://193.205.194.113/RAISE/NEF/r0777fea4t.NEF, http://193.205.194.113/RAISE/TIFF/r0777fea4t.TIF
r07b99141t,http://193.205.194.113/RAISE/NEF/r07b99141t.NEF, http://193.205.194.113/RAISE/TIFF/r07b99141t.TIF
r07c47354t,http://193.205.194.113/RAISE/NEF/r07c47354t.NEF, http://193.205.194.113/RAISE/TIFF/r07c47354t.TIF
r07cf907dt,http://193.205.194.113/RAISE/NEF/r07cf907dt.NEF, http://193.205.194.113/RAISE/TIFF/r07cf907dt.TIF
r07cfb432t,http://193.205.194.113/RAISE/NEF/r07cfb432t.NEF, http://193.205.194.113/RAISE/TIFF/r07cfb432t.TIF
r07d13149t,http://193.205.194.113/RAISE/NEF/r07d13149t.NEF, http://193.205.194.113/RAISE/TIFF/r07d13149t.TIF
r07d5eb94t,http://193.205.194.113/RAISE/NEF/r07d5eb94t.NEF, http://193.205.194.113/RAISE/TIFF/r07d5eb94t.TIF
r07db8a54t,http://193.205.194.113/RAISE/NEF/r07db8a54t.NEF, http://193.205.194.113/RAISE/TIFF/r07db8a54t.TIF
r07df029bt,http://193.205.194.113/RAISE/NEF/r07df029bt.NEF, http://193.205.194.113/RAISE/TIFF/r07df029bt.TIF
r07e1e8cbt,http://193.205.194.113/RAISE/NEF/r07e1e8cbt.NEF, http://193.205.194.113/RAISE/TIFF/r07e1e8cbt.TIF
r07e242b7t,http://193.205.194.113/RAISE/NEF/r07e242b7t.NEF, http://193.205.194.113/RAISE/TIFF/r07e242b7t.TIF
r07e35007t,http://193.205.194.113/RAISE/NEF/r07e35007t.NEF, http://193.205.194.113/RAISE/TIFF/r07e35007t.TIF
r07ece355t,http://193.205.194.113/RAISE/NEF/r07ece355t.NEF, http://193.205.194.113/RAISE/TIFF/r07ece355t.TIF
r07f22efdt,http://193.205.194.113/RAISE/NEF/r07f22efdt.NEF, http://193.205.194.113/RAISE/TIFF/r07f22efdt.TIF
r07ffdc87t,http://193.205.194.113/RAISE/NEF/r07ffdc87t.NEF, http://193.205.194.113/RAISE/TIFF/r07ffdc87t.TIF
r08079988t,http://193.205.194.113/RAISE/NEF/r08079988t.NEF, http://193.205.194.113/RAISE/TIFF/r08079988t.TIF
r0809811bt,http://193.205.194.113/RAISE/NEF/r0809811bt.NEF, http://193.205.194.113/RAISE/TIFF/r0809811bt.TIF
r081ad6a3t,http://193.205.194.113/RAISE/NEF/r081ad6a3t.NEF, http://193.205.194.113/RAISE/TIFF/r081ad6a3t.TIF
r08276bf9t,http://193.205.194.113/RAISE/NEF/r08276bf9t.NEF, http://193.205.194.113/RAISE/TIFF/r08276bf9t.TIF
r08307e1at,http://193.205.194.113/RAISE/NEF/r08307e1at.NEF, http://193.205.194.113/RAISE/TIFF/r08307e1at.TIF
r083b7636t,http://193.205.194.113/RAISE/NEF/r083b7636t.NEF, http://193.205.194.113/RAISE/TIFF/r083b7636t.TIF
r083ca67ct,http://193.205.194.113/RAISE/NEF/r083ca67ct.NEF, http://193.205.194.113/RAISE/TIFF/r083ca67ct.TIF
r08414c5at,http://193.205.194.113/RAISE/NEF/r08414c5at.NEF, http://193.205.194.113/RAISE/TIFF/r08414c5at.TIF
r084889d5t,http://193.205.194.113/RAISE/NEF/r084889d5t.NEF, http://193.205.194.113/RAISE/TIFF/r084889d5t.TIF
r085a5f53t,http://193.205.194.113/RAISE/NEF/r085a5f53t.NEF, http://193.205.194.113/RAISE/TIFF/r085a5f53t.TIF
r08788547t,http://193.205.194.113/RAISE/NEF/r08788547t.NEF, http://193.205.194.113/RAISE/TIFF/r08788547t.TIF
r087a13a6t,http://193.205.194.113/RAISE/NEF/r087a13a6t.NEF, http://193.205.194.113/RAISE/TIFF/r087a13a6t.TIF
r08873591t,http://193.205.194.113/RAISE/NEF/r08873591t.NEF, http://193.205.194.113/RAISE/TIFF/r08873591t.TIF
r088dcebft,http://193.205.194.113/RAISE/NEF/r088dcebft.NEF, http://193.205.194.113/RAISE/TIFF/r088dcebft.TIF
r0897d8aat,http://193.205.194.113/RAISE/NEF/r0897d8aat.NEF, http://193.205.194.113/RAISE/TIFF/r0897d8aat.TIF
r08996953t,http://193.205.194.113/RAISE/NEF/r08996953t.NEF, http://193.205.194.113/RAISE/TIFF/r08996953t.TIF
r08abaa78t,http://193.205.194.113/RAISE/NEF/r08abaa78t.NEF, http://193.205.194.113/RAISE/TIFF/r08abaa78t.TIF
r08ac875ct,http://193.205.194.113/RAISE/NEF/r08ac875ct.NEF, http://193.205.194.113/RAISE/TIFF/r08ac875ct.TIF
r08b04f65t,http://193.205.194.113/RAISE/NEF/r08b04f65t.NEF, http://193.205.194.113/RAISE/TIFF/r08b04f65t.TIF
r08b05c94t,http://193.205.194.113/RAISE/NEF/r08b05c94t.NEF, http://193.205.194.113/RAISE/TIFF/r08b05c94t.TIF
r08b12799t,http://193.205.194.113/RAISE/NEF/r08b12799t.NEF, http://193.205.194.113/RAISE/TIFF/r08b12799t.TIF
r08b41f18t,http://193.205.194.113/RAISE/NEF/r08b41f18t.NEF, http://193.205.194.113/RAISE/TIFF/r08b41f18t.TIF
r08cbbab9t,http://193.205.194.113/RAISE/NEF/r08cbbab9t.NEF, http://193.205.194.113/RAISE/TIFF/r08cbbab9t.TIF
r08d2b4dat,http://193.205.194.113/RAISE/NEF/r08d2b4dat.NEF, http://193.205.194.113/RAISE/TIFF/r08d2b4dat.TIF
r08df6903t,http://193.205.194.113/RAISE/NEF/r08df6903t.NEF, http://193.205.194.113/RAISE/TIFF/r08df6903t.TIF
r08f2d4c6t,http://193.205.194.113/RAISE/NEF/r08f2d4c6t.NEF, http://193.205.194.113/RAISE/TIFF/r08f2d4c6t.TIF
r0905697bt,http://193.205.194.113/RAISE/NEF/r0905697bt.NEF, http://193.205.194.113/RAISE/TIFF/r0905697bt.TIF
r09445479t,http://193.205.194.113/RAISE/NEF/r09445479t.NEF, http://193.205.194.113/RAISE/TIFF/r09445479t.TIF
r09488b39t,http://193.205.194.113/RAISE/NEF/r09488b39t.NEF, http://193.205.194.113/RAISE/TIFF/r09488b39t.TIF
r094ced7bt,http://193.205.194.113/RAISE/NEF/r094ced7bt.NEF, http://193.205.194.113/RAISE/TIFF/r094ced7bt.TIF
r094cf3c6t,http://193.205.194.113/RAISE/NEF/r094cf3c6t.NEF, http://193.205.194.113/RAISE/TIFF/r094cf3c6t.TIF
r09579ff2t,http://193.205.194.113/RAISE/NEF/r09579ff2t.NEF, http://193.205.194.113/RAISE/TIFF/r09579ff2t.TIF
r0965e155t,http://193.205.194.113/RAISE/NEF/r0965e155t.NEF, http://193.205.194.113/RAISE/TIFF/r0965e155t.TIF
r09670876t,http://193.205.194.113/RAISE/NEF/r09670876t.NEF, http://193.205.194.113/RAISE/TIFF/r09670876t.TIF
r09696ba3t,http://193.205.194.113/RAISE/NEF/r09696ba3t.NEF, http://193.205.194.113/RAISE/TIFF/r09696ba3t.TIF
r097555c4t,http://193.205.194.113/RAISE/NEF/r097555c4t.NEF, http://193.205.194.113/RAISE/TIFF/r097555c4t.TIF
r097d3563t,http://193.205.194.113/RAISE/NEF/r097d3563t.NEF, http://193.205.194.113/RAISE/TIFF/r097d3563t.TIF
r09851aa4t,http://193.205.194.113/RAISE/NEF/r09851aa4t.NEF, http://193.205.194.113/RAISE/TIFF/r09851aa4t.TIF
r098cf7aet,http://193.205.194.113/RAISE/NEF/r098cf7aet.NEF, http://193.205.194.113/RAISE/TIFF/r098cf7aet.TIF
r09a79474t,http://193.205.194.113/RAISE/NEF/r09a79474t.NEF, http://193.205.194.113/RAISE/TIFF/r09a79474t.TIF
r09a992e9t,http://193.205.194.113/RAISE/NEF/r09a992e9t.NEF, http://193.205.194.113/RAISE/TIFF/r09a992e9t.TIF
r09c15af7t,http://193.205.194.113/RAISE/NEF/r09c15af7t.NEF, http://193.205.194.113/RAISE/TIFF/r09c15af7t.TIF
r09c8e042t,http://193.205.194.113/RAISE/NEF/r09c8e042t.NEF, http://193.205.194.113/RAISE/TIFF/r09c8e042t.TIF
r09d50960t,http://193.205.194.113/RAISE/NEF/r09d50960t.NEF, http://193.205.194.113/RAISE/TIFF/r09d50960t.TIF
r09d5cb41t,http://193.205.194.113/RAISE/NEF/r09d5cb41t.NEF, http://193.205.194.113/RAISE/TIFF/r09d5cb41t.TIF
r09d7cd4et,http://193.205.194.113/RAISE/NEF/r09d7cd4et.NEF, http://193.205.194.113/RAISE/TIFF/r09d7cd4et.TIF
r09efa609t,http://193.205.194.113/RAISE/NEF/r09efa609t.NEF, http://193.205.194.113/RAISE/TIFF/r09efa609t.TIF
r09f764ect,http://193.205.194.113/RAISE/NEF/r09f764ect.NEF, http://193.205.194.113/RAISE/TIFF/r09f764ect.TIF
r09ff1dcet,http://193.205.194.113/RAISE/NEF/r09ff1dcet.NEF, http://193.205.194.113/RAISE/TIFF/r09ff1dcet.TIF
r0a0852c6t,http://193.205.194.113/RAISE/NEF/r0a0852c6t.NEF, http://193.205.194.113/RAISE/TIFF/r0a0852c6t.TIF
r0a10fe29t,http://193.205.194.113/RAISE/NEF/r0a10fe29t.NEF, http://193.205.194.113/RAISE/TIFF/r0a10fe29t.TIF
r0a18e454t,http://193.205.194.113/RAISE/NEF/r0a18e454t.NEF, http://193.205.194.113/RAISE/TIFF/r0a18e454t.TIF
r0a19cb85t,http://193.205.194.113/RAISE/NEF/r0a19cb85t.NEF, http://193.205.194.113/RAISE/TIFF/r0a19cb85t.TIF
r0a2e85f0t,http://193.205.194.113/RAISE/NEF/r0a2e85f0t.NEF, http://193.205.194.113/RAISE/TIFF/r0a2e85f0t.TIF
r0a2ff882t,http://193.205.194.113/RAISE/NEF/r0a2ff882t.NEF, http://193.205.194.113/RAISE/TIFF/r0a2ff882t.TIF
r0a3c52a0t,http://193.205.194.113/RAISE/NEF/r0a3c52a0t.NEF, http://193.205.194.113/RAISE/TIFF/r0a3c52a0t.TIF
r0a42c0f6t,http://193.205.194.113/RAISE/NEF/r0a42c0f6t.NEF, http://193.205.194.113/RAISE/TIFF/r0a42c0f6t.TIF
r0a54ed98t,http://193.205.194.113/RAISE/NEF/r0a54ed98t.NEF, http://193.205.194.113/RAISE/TIFF/r0a54ed98t.TIF
r0a71c689t,http://193.205.194.113/RAISE/NEF/r0a71c689t.NEF, http://193.205.194.113/RAISE/TIFF/r0a71c689t.TIF
r0a72568ct,http://193.205.194.113/RAISE/NEF/r0a72568ct.NEF, http://193.205.194.113/RAISE/TIFF/r0a72568ct.TIF
r0a776764t,http://193.205.194.113/RAISE/NEF/r0a776764t.NEF, http://193.205.194.113/RAISE/TIFF/r0a776764t.TIF
r0a779af2t,http://193.205.194.113/RAISE/NEF/r0a779af2t.NEF, http://193.205.194.113/RAISE/TIFF/r0a779af2t.TIF
r0a8b59bbt,http://193.205.194.113/RAISE/NEF/r0a8b59bbt.NEF, http://193.205.194.113/RAISE/TIFF/r0a8b59bbt.TIF
r0a8e5f8at,http://193.205.194.113/RAISE/NEF/r0a8e5f8at.NEF, http://193.205.194.113/RAISE/TIFF/r0a8e5f8at.TIF
r0a9384b1t,http://193.205.194.113/RAISE/NEF/r0a9384b1t.NEF, http://193.205.194.113/RAISE/TIFF/r0a9384b1t.TIF
r0ab0a205t,http://193.205.194.113/RAISE/NEF/r0ab0a205t.NEF, http://193.205.194.113/RAISE/TIFF/r0ab0a205t.TIF
r0ab7202ft,http://193.205.194.113/RAISE/NEF/r0ab7202ft.NEF, http://193.205.194.113/RAISE/TIFF/r0ab7202ft.TIF
r0ab86ea2t,http://193.205.194.113/RAISE/NEF/r0ab86ea2t.NEF, http://193.205.194.113/RAISE/TIFF/r0ab86ea2t.TIF
r0ac70243t,http://193.205.194.113/RAISE/NEF/r0ac70243t.NEF, http://193.205.194.113/RAISE/TIFF/r0ac70243t.TIF
r0adac68bt,http://193.205.194.113/RAISE/NEF/r0adac68bt.NEF, http://193.205.194.113/RAISE/TIFF/r0adac68bt.TIF
r0af5a8cct,http://193.205.194.113/RAISE/NEF/r0af5a8cct.NEF, http://193.205.194.113/RAISE/TIFF/r0af5a8cct.TIF
r0b03e77at,http://193.205.194.113/RAISE/NEF/r0b03e77at.NEF, http://193.205.194.113/RAISE/TIFF/r0b03e77at.TIF
r0b07b945t,http://193.205.194.113/RAISE/NEF/r0b07b945t.NEF, http://193.205.194.113/RAISE/TIFF/r0b07b945t.TIF
r0b0cd69et,http://193.205.194.113/RAISE/NEF/r0b0cd69et.NEF, http://193.205.194.113/RAISE/TIFF/r0b0cd69et.TIF
r0b0e2ba5t,http://193.205.194.113/RAISE/NEF/r0b0e2ba5t.NEF, http://193.205.194.113/RAISE/TIFF/r0b0e2ba5t.TIF
r0b17fd57t,http://193.205.194.113/RAISE/NEF/r0b17fd57t.NEF, http://193.205.194.113/RAISE/TIFF/r0b17fd57t.TIF
r0b3979d0t,http://193.205.194.113/RAISE/NEF/r0b3979d0t.NEF, http://193.205.194.113/RAISE/TIFF/r0b3979d0t.TIF
r0b42926ct,http://193.205.194.113/RAISE/NEF/r0b42926ct.NEF, http://193.205.194.113/RAISE/TIFF/r0b42926ct.TIF
r0b4d8af5t,http://193.205.194.113/RAISE/NEF/r0b4d8af5t.NEF, http://193.205.194.113/RAISE/TIFF/r0b4d8af5t.TIF
r0b50b69ct,http://193.205.194.113/RAISE/NEF/r0b50b69ct.NEF, http://193.205.194.113/RAISE/TIFF/r0b50b69ct.TIF
r0b5a3035t,http://193.205.194.113/RAISE/NEF/r0b5a3035t.NEF, http://193.205.194.113/RAISE/TIFF/r0b5a3035t.TIF
r0b5b85d0t,http://193.205.194.113/RAISE/NEF/r0b5b85d0t.NEF, http://193.205.194.113/RAISE/TIFF/r0b5b85d0t.TIF
r0b61ed37t,http://193.205.194.113/RAISE/NEF/r0b61ed37t.NEF, http://193.205.194.113/RAISE/TIFF/r0b61ed37t.TIF
r0b6e4254t,http://193.205.194.113/RAISE/NEF/r0b6e4254t.NEF, http://193.205.194.113/RAISE/TIFF/r0b6e4254t.TIF
r0b735401t,http://193.205.194.113/RAISE/NEF/r0b735401t.NEF, http://193.205.194.113/RAISE/TIFF/r0b735401t.TIF
r0b755540t,http://193.205.194.113/RAISE/NEF/r0b755540t.NEF, http://193.205.194.113/RAISE/TIFF/r0b755540t.TIF
r0b76b82ft,http://193.205.194.113/RAISE/NEF/r0b76b82ft.NEF, http://193.205.194.113/RAISE/TIFF/r0b76b82ft.TIF
r0b7b1156t,http://193.205.194.113/RAISE/NEF/r0b7b1156t.NEF, http://193.205.194.113/RAISE/TIFF/r0b7b1156t.TIF
r0b841e5at,http://193.205.194.113/RAISE/NEF/r0b841e5at.NEF, http://193.205.194.113/RAISE/TIFF/r0b841e5at.TIF
r0ba4c4c0t,http://193.205.194.113/RAISE/NEF/r0ba4c4c0t.NEF, http://193.205.194.113/RAISE/TIFF/r0ba4c4c0t.TIF
r0bbd0b0et,http://193.205.194.113/RAISE/NEF/r0bbd0b0et.NEF, http://193.205.194.113/RAISE/TIFF/r0bbd0b0et.TIF
r0bc0e549t,http://193.205.194.113/RAISE/NEF/r0bc0e549t.NEF, http://193.205.194.113/RAISE/TIFF/r0bc0e549t.TIF
r0bc1a779t,http://193.205.194.113/RAISE/NEF/r0bc1a779t.NEF, http://193.205.194.113/RAISE/TIFF/r0bc1a779t.TIF
r0bdc7894t,http://193.205.194.113/RAISE/NEF/r0bdc7894t.NEF, http://193.205.194.113/RAISE/TIFF/r0bdc7894t.TIF
r0bf1bbect,http://193.205.194.113/RAISE/NEF/r0bf1bbect.NEF, http://193.205.194.113/RAISE/TIFF/r0bf1bbect.TIF
r0bf7f938t,http://193.205.194.113/RAISE/NEF/r0bf7f938t.NEF, http://193.205.194.113/RAISE/TIFF/r0bf7f938t.TIF
r0c03e364t,http://193.205.194.113/RAISE/NEF/r0c03e364t.NEF, http://193.205.194.113/RAISE/TIFF/r0c03e364t.TIF
r0c0d0adct,http://193.205.194.113/RAISE/NEF/r0c0d0adct.NEF, http://193.205.194.113/RAISE/TIFF/r0c0d0adct.TIF
r0c1de5e1t,http://193.205.194.113/RAISE/NEF/r0c1de5e1t.NEF, http://193.205.194.113/RAISE/TIFF/r0c1de5e1t.TIF
r0c1f588dt,http://193.205.194.113/RAISE/NEF/r0c1f588dt.NEF, http://193.205.194.113/RAISE/TIFF/r0c1f588dt.TIF
r0c32591dt,http://193.205.194.113/RAISE/NEF/r0c32591dt.NEF, http://193.205.194.113/RAISE/TIFF/r0c32591dt.TIF
r0c3a8ea0t,http://193.205.194.113/RAISE/NEF/r0c3a8ea0t.NEF, http://193.205.194.113/RAISE/TIFF/r0c3a8ea0t.TIF
r0c486c0at,http://193.205.194.113/RAISE/NEF/r0c486c0at.NEF, http://193.205.194.113/RAISE/TIFF/r0c486c0at.TIF
r0c5e9567t,http://193.205.194.113/RAISE/NEF/r0c5e9567t.NEF, http://193.205.194.113/RAISE/TIFF/r0c5e9567t.TIF
r0c6cf00bt,http://193.205.194.113/RAISE/NEF/r0c6cf00bt.NEF, http://193.205.194.113/RAISE/TIFF/r0c6cf00bt.TIF
r0c764979t,http://193.205.194.113/RAISE/NEF/r0c764979t.NEF, http://193.205.194.113/RAISE/TIFF/r0c764979t.TIF
r0c7fcc38t,http://193.205.194.113/RAISE/NEF/r0c7fcc38t.NEF, http://193.205.194.113/RAISE/TIFF/r0c7fcc38t.TIF
r0c8f3ce5t,http://193.205.194.113/RAISE/NEF/r0c8f3ce5t.NEF, http://193.205.194.113/RAISE/TIFF/r0c8f3ce5t.TIF
r0c925d34t,http://193.205.194.113/RAISE/NEF/r0c925d34t.NEF, http://193.205.194.113/RAISE/TIFF/r0c925d34t.TIF
r0cbdc6f8t,http://193.205.194.113/RAISE/NEF/r0cbdc6f8t.NEF, http://193.205.194.113/RAISE/TIFF/r0cbdc6f8t.TIF
r0cd4ffb0t,http://193.205.194.113/RAISE/NEF/r0cd4ffb0t.NEF, http://193.205.194.113/RAISE/TIFF/r0cd4ffb0t.TIF
r0cde6159t,http://193.205.194.113/RAISE/NEF/r0cde6159t.NEF, http://193.205.194.113/RAISE/TIFF/r0cde6159t.TIF
r0ce35df8t,http://193.205.194.113/RAISE/NEF/r0ce35df8t.NEF, http://193.205.194.113/RAISE/TIFF/r0ce35df8t.TIF
r0cea5432t,http://193.205.194.113/RAISE/NEF/r0cea5432t.NEF, http://193.205.194.113/RAISE/TIFF/r0cea5432t.TIF
r0cfedd72t,http://193.205.194.113/RAISE/NEF/r0cfedd72t.NEF, http://193.205.194.113/RAISE/TIFF/r0cfedd72t.TIF
r0d0ff43at,http://193.205.194.113/RAISE/NEF/r0d0ff43at.NEF, http://193.205.194.113/RAISE/TIFF/r0d0ff43at.TIF
r0d0ff4c2t,http://193.205.194.113/RAISE/NEF/r0d0ff4c2t.NEF, http://193.205.194.113/RAISE/TIFF/r0d0ff4c2t.TIF
r0d1dd61ft,http://193.205.194.113/RAISE/NEF/r0d1dd61ft.NEF, http://193.205.194.113/RAISE/TIFF/r0d1dd61ft.TIF
r0d280006t,http://193.205.194.113/RAISE/NEF/r0d280006t.NEF, http://193.205.194.113/RAISE/TIFF/r0d280006t.TIF
r0d61db4ct,http://193.205.194.113/RAISE/NEF/r0d61db4ct.NEF, http://193.205.194.113/RAISE/TIFF/r0d61db4ct.TIF
r0d89edd8t,http://193.205.194.113/RAISE/NEF/r0d89edd8t.NEF, http://193.205.194.113/RAISE/TIFF/r0d89edd8t.TIF
r0d8d62edt,http://193.205.194.113/RAISE/NEF/r0d8d62edt.NEF, http://193.205.194.113/RAISE/TIFF/r0d8d62edt.TIF
r0db011b4t,http://193.205.194.113/RAISE/NEF/r0db011b4t.NEF, http://193.205.194.113/RAISE/TIFF/r0db011b4t.TIF
r0db31c3ft,http://193.205.194.113/RAISE/NEF/r0db31c3ft.NEF, http://193.205.194.113/RAISE/TIFF/r0db31c3ft.TIF
r0db6cc31t,http://193.205.194.113/RAISE/NEF/r0db6cc31t.NEF, http://193.205.194.113/RAISE/TIFF/r0db6cc31t.TIF
r0dd6e8f4t,http://193.205.194.113/RAISE/NEF/r0dd6e8f4t.NEF, http://193.205.194.113/RAISE/TIFF/r0dd6e8f4t.TIF
r0de97473t,http://193.205.194.113/RAISE/NEF/r0de97473t.NEF, http://193.205.194.113/RAISE/TIFF/r0de97473t.TIF
r0deb6dadt,http://193.205.194.113/RAISE/NEF/r0deb6dadt.NEF, http://193.205.194.113/RAISE/TIFF/r0deb6dadt.TIF
r0dff226et,http://193.205.194.113/RAISE/NEF/r0dff226et.NEF, http://193.205.194.113/RAISE/TIFF/r0dff226et.TIF
r0e04cc91t,http://193.205.194.113/RAISE/NEF/r0e04cc91t.NEF, http://193.205.194.113/RAISE/TIFF/r0e04cc91t.TIF
r0e35d1fct,http://193.205.194.113/RAISE/NEF/r0e35d1fct.NEF, http://193.205.194.113/RAISE/TIFF/r0e35d1fct.TIF
r0e593c46t,http://193.205.194.113/RAISE/NEF/r0e593c46t.NEF, http://193.205.194.113/RAISE/TIFF/r0e593c46t.TIF
r0e5b5159t,http://193.205.194.113/RAISE/NEF/r0e5b5159t.NEF, http://193.205.194.113/RAISE/TIFF/r0e5b5159t.TIF
r0e5dfc8et,http://193.205.194.113/RAISE/NEF/r0e5dfc8et.NEF, http://193.205.194.113/RAISE/TIFF/r0e5dfc8et.TIF
r0e63ca9ft,http://193.205.194.113/RAISE/NEF/r0e63ca9ft.NEF, http://193.205.194.113/RAISE/TIFF/r0e63ca9ft.TIF
r0e661e0dt,http://193.205.194.113/RAISE/NEF/r0e661e0dt.NEF, http://193.205.194.113/RAISE/TIFF/r0e661e0dt.TIF
r0e965ba7t,http://193.205.194.113/RAISE/NEF/r0e965ba7t.NEF, http://193.205.194.113/RAISE/TIFF/r0e965ba7t.TIF
r0e9b0485t,http://193.205.194.113/RAISE/NEF/r0e9b0485t.NEF, http://193.205.194.113/RAISE/TIFF/r0e9b0485t.TIF
r0eb07be3t,http://193.205.194.113/RAISE/NEF/r0eb07be3t.NEF, http://193.205.194.113/RAISE/TIFF/r0eb07be3t.TIF
r0eb7ee5ct,http://193.205.194.113/RAISE/NEF/r0eb7ee5ct.NEF, http://193.205.194.113/RAISE/TIFF/r0eb7ee5ct.TIF
r0eb8dfb5t,http://193.205.194.113/RAISE/NEF/r0eb8dfb5t.NEF, http://193.205.194.113/RAISE/TIFF/r0eb8dfb5t.TIF
r0eb9e900t,http://193.205.194.113/RAISE/NEF/r0eb9e900t.NEF, http://193.205.194.113/RAISE/TIFF/r0eb9e900t.TIF
r0eba1984t,http://193.205.194.113/RAISE/NEF/r0eba1984t.NEF, http://193.205.194.113/RAISE/TIFF/r0eba1984t.TIF
r0ebb0bb4t,http://193.205.194.113/RAISE/NEF/r0ebb0bb4t.NEF, http://193.205.194.113/RAISE/TIFF/r0ebb0bb4t.TIF
r0ebb5ca2t,http://193.205.194.113/RAISE/NEF/r0ebb5ca2t.NEF, http://193.205.194.113/RAISE/TIFF/r0ebb5ca2t.TIF
r0ed019a4t,http://193.205.194.113/RAISE/NEF/r0ed019a4t.NEF, http://193.205.194.113/RAISE/TIFF/r0ed019a4t.TIF
r0ed16e26t,http://193.205.194.113/RAISE/NEF/r0ed16e26t.NEF, http://193.205.194.113/RAISE/TIFF/r0ed16e26t.TIF
r0ed844b5t,http://193.205.194.113/RAISE/NEF/r0ed844b5t.NEF, http://193.205.194.113/RAISE/TIFF/r0ed844b5t.TIF
r0edb165ft,http://193.205.194.113/RAISE/NEF/r0edb165ft.NEF, http://193.205.194.113/RAISE/TIFF/r0edb165ft.TIF
r0eea5a7et,http://193.205.194.113/RAISE/NEF/r0eea5a7et.NEF, http://193.205.194.113/RAISE/TIFF/r0eea5a7et.TIF
r0f137652t,http://193.205.194.113/RAISE/NEF/r0f137652t.NEF, http://193.205.194.113/RAISE/TIFF/r0f137652t.TIF
r0f22c43ct,http://193.205.194.113/RAISE/NEF/r0f22c43ct.NEF, http://193.205.194.113/RAISE/TIFF/r0f22c43ct.TIF
r0f24ca4dt,http://193.205.194.113/RAISE/NEF/r0f24ca4dt.NEF, http://193.205.194.113/RAISE/TIFF/r0f24ca4dt.TIF
r0f2c63d2t,http://193.205.194.113/RAISE/NEF/r0f2c63d2t.NEF, http://193.205.194.113/RAISE/TIFF/r0f2c63d2t.TIF
r0f36ba1bt,http://193.205.194.113/RAISE/NEF/r0f36ba1bt.NEF, http://193.205.194.113/RAISE/TIFF/r0f36ba1bt.TIF
r0f38373ct,http://193.205.194.113/RAISE/NEF/r0f38373ct.NEF, http://193.205.194.113/RAISE/TIFF/r0f38373ct.TIF
r0f3f14cbt,http://193.205.194.113/RAISE/NEF/r0f3f14cbt.NEF, http://193.205.194.113/RAISE/TIFF/r0f3f14cbt.TIF
r0f4ece9bt,http://193.205.194.113/RAISE/NEF/r0f4ece9bt.NEF, http://193.205.194.113/RAISE/TIFF/r0f4ece9bt.TIF
r0f5475b5t,http://193.205.194.113/RAISE/NEF/r0f5475b5t.NEF, http://193.205.194.113/RAISE/TIFF/r0f5475b5t.TIF
r0f5beb66t,http://193.205.194.113/RAISE/NEF/r0f5beb66t.NEF, http://193.205.194.113/RAISE/TIFF/r0f5beb66t.TIF
r0f6250d2t,http://193.205.194.113/RAISE/NEF/r0f6250d2t.NEF, http://193.205.194.113/RAISE/TIFF/r0f6250d2t.TIF
r0f86049ct,http://193.205.194.113/RAISE/NEF/r0f86049ct.NEF, http://193.205.194.113/RAISE/TIFF/r0f86049ct.TIF
r0f8a1531t,http://193.205.194.113/RAISE/NEF/r0f8a1531t.NEF, http://193.205.194.113/RAISE/TIFF/r0f8a1531t.TIF
r0f91c753t,http://193.205.194.113/RAISE/NEF/r0f91c753t.NEF, http://193.205.194.113/RAISE/TIFF/r0f91c753t.TIF
r0fa22d02t,http://193.205.194.113/RAISE/NEF/r0fa22d02t.NEF, http://193.205.194.113/RAISE/TIFF/r0fa22d02t.TIF
r0faffef3t,http://193.205.194.113/RAISE/NEF/r0faffef3t.NEF, http://193.205.194.113/RAISE/TIFF/r0faffef3t.TIF
r0fb0a690t,http://193.205.194.113/RAISE/NEF/r0fb0a690t.NEF, http://193.205.194.113/RAISE/TIFF/r0fb0a690t.TIF
r0fbb5bc1t,http://193.205.194.113/RAISE/NEF/r0fbb5bc1t.NEF, http://193.205.194.113/RAISE/TIFF/r0fbb5bc1t.TIF
r0fbd0c71t,http://193.205.194.113/RAISE/NEF/r0fbd0c71t.NEF, http://193.205.194.113/RAISE/TIFF/r0fbd0c71t.TIF
r0fbe1b0ft,http://193.205.194.113/RAISE/NEF/r0fbe1b0ft.NEF, http://193.205.194.113/RAISE/TIFF/r0fbe1b0ft.TIF
r0fbf62f8t,http://193.205.194.113/RAISE/NEF/r0fbf62f8t.NEF, http://193.205.194.113/RAISE/TIFF/r0fbf62f8t.TIF
r0fdfc4f0t,http://193.205.194.113/RAISE/NEF/r0fdfc4f0t.NEF, http://193.205.194.113/RAISE/TIFF/r0fdfc4f0t.TIF
r0fe270aet,http://193.205.194.113/RAISE/NEF/r0fe270aet.NEF, http://193.205.194.113/RAISE/TIFF/r0fe270aet.TIF
r0fef53bft,http://193.205.194.113/RAISE/NEF/r0fef53bft.NEF, http://193.205.194.113/RAISE/TIFF/r0fef53bft.TIF
r1011a436t,http://193.205.194.113/RAISE/NEF/r1011a436t.NEF, http://193.205.194.113/RAISE/TIFF/r1011a436t.TIF
r10134c59t,http://193.205.194.113/RAISE/NEF/r10134c59t.NEF, http://193.205.194.113/RAISE/TIFF/r10134c59t.TIF
r101d6690t,http://193.205.194.113/RAISE/NEF/r101d6690t.NEF, http://193.205.194.113/RAISE/TIFF/r101d6690t.TIF
r101e18b6t,http://193.205.194.113/RAISE/NEF/r101e18b6t.NEF, http://193.205.194.113/RAISE/TIFF/r101e18b6t.TIF
r101eab0dt,http://193.205.194.113/RAISE/NEF/r101eab0dt.NEF, http://193.205.194.113/RAISE/TIFF/r101eab0dt.TIF
r1023c21et,http://193.205.194.113/RAISE/NEF/r1023c21et.NEF, http://193.205.194.113/RAISE/TIFF/r1023c21et.TIF
r102b4aa4t,http://193.205.194.113/RAISE/NEF/r102b4aa4t.NEF, http://193.205.194.113/RAISE/TIFF/r102b4aa4t.TIF
r103a4f26t,http://193.205.194.113/RAISE/NEF/r103a4f26t.NEF, http://193.205.194.113/RAISE/TIFF/r103a4f26t.TIF
r104153eat,http://193.205.194.113/RAISE/NEF/r104153eat.NEF, http://193.205.194.113/RAISE/TIFF/r104153eat.TIF
r1069cdabt,http://193.205.194.113/RAISE/NEF/r1069cdabt.NEF, http://193.205.194.113/RAISE/TIFF/r1069cdabt.TIF
r1077d1f2t,http://193.205.194.113/RAISE/NEF/r1077d1f2t.NEF, http://193.205.194.113/RAISE/TIFF/r1077d1f2t.TIF
r10893508t,http://193.205.194.113/RAISE/NEF/r10893508t.NEF, http://193.205.194.113/RAISE/TIFF/r10893508t.TIF
r108ae9b6t,http://193.205.194.113/RAISE/NEF/r108ae9b6t.NEF, http://193.205.194.113/RAISE/TIFF/r108ae9b6t.TIF
r108ba35et,http://193.205.194.113/RAISE/NEF/r108ba35et.NEF, http://193.205.194.113/RAISE/TIFF/r108ba35et.TIF
r10940798t,http://193.205.194.113/RAISE/NEF/r10940798t.NEF, http://193.205.194.113/RAISE/TIFF/r10940798t.TIF
r10944b31t,http://193.205.194.113/RAISE/NEF/r10944b31t.NEF, http://193.205.194.113/RAISE/TIFF/r10944b31t.TIF
r10a207det,http://193.205.194.113/RAISE/NEF/r10a207det.NEF, http://193.205.194.113/RAISE/TIFF/r10a207det.TIF
r10a9ca2at,http://193.205.194.113/RAISE/NEF/r10a9ca2at.NEF, http://193.205.194.113/RAISE/TIFF/r10a9ca2at.TIF
r10ab8058t,http://193.205.194.113/RAISE/NEF/r10ab8058t.NEF, http://193.205.194.113/RAISE/TIFF/r10ab8058t.TIF
r10c5fc29t,http://193.205.194.113/RAISE/NEF/r10c5fc29t.NEF, http://193.205.194.113/RAISE/TIFF/r10c5fc29t.TIF
r10cf67d1t,http://193.205.194.113/RAISE/NEF/r10cf67d1t.NEF, http://193.205.194.113/RAISE/TIFF/r10cf67d1t.TIF
r10e36316t,http://193.205.194.113/RAISE/NEF/r10e36316t.NEF, http://193.205.194.113/RAISE/TIFF/r10e36316t.TIF
r110b4219t,http://193.205.194.113/RAISE/NEF/r110b4219t.NEF, http://193.205.194.113/RAISE/TIFF/r110b4219t.TIF
r110cc74ct,http://193.205.194.113/RAISE/NEF/r110cc74ct.NEF, http://193.205.194.113/RAISE/TIFF/r110cc74ct.TIF
r113402d4t,http://193.205.194.113/RAISE/NEF/r113402d4t.NEF, http://193.205.194.113/RAISE/TIFF/r113402d4t.TIF
r1138e1aft,http://193.205.194.113/RAISE/NEF/r1138e1aft.NEF, http://193.205.194.113/RAISE/TIFF/r1138e1aft.TIF
r113b7fb4t,http://193.205.194.113/RAISE/NEF/r113b7fb4t.NEF, http://193.205.194.113/RAISE/TIFF/r113b7fb4t.TIF
r113ee9edt,http://193.205.194.113/RAISE/NEF/r113ee9edt.NEF, http://193.205.194.113/RAISE/TIFF/r113ee9edt.TIF
r1148801et,http://193.205.194.113/RAISE/NEF/r1148801et.NEF, http://193.205.194.113/RAISE/TIFF/r1148801et.TIF
r115c449dt,http://193.205.194.113/RAISE/NEF/r115c449dt.NEF, http://193.205.194.113/RAISE/TIFF/r115c449dt.TIF
r115e2464t,http://193.205.194.113/RAISE/NEF/r115e2464t.NEF, http://193.205.194.113/RAISE/TIFF/r115e2464t.TIF
r116825e2t,http://193.205.194.113/RAISE/NEF/r116825e2t.NEF, http://193.205.194.113/RAISE/TIFF/r116825e2t.TIF
r116ce066t,http://193.205.194.113/RAISE/NEF/r116ce066t.NEF, http://193.205.194.113/RAISE/TIFF/r116ce066t.TIF
r116fa8b7t,http://193.205.194.113/RAISE/NEF/r116fa8b7t.NEF, http://193.205.194.113/RAISE/TIFF/r116fa8b7t.TIF
r11850456t,http://193.205.194.113/RAISE/NEF/r11850456t.NEF, http://193.205.194.113/RAISE/TIFF/r11850456t.TIF
r11865f77t,http://193.205.194.113/RAISE/NEF/r11865f77t.NEF, http://193.205.194.113/RAISE/TIFF/r11865f77t.TIF
r11a7deb7t,http://193.205.194.113/RAISE/NEF/r11a7deb7t.NEF, http://193.205.194.113/RAISE/TIFF/r11a7deb7t.TIF
r11aa1ee3t,http://193.205.194.113/RAISE/NEF/r11aa1ee3t.NEF, http://193.205.194.113/RAISE/TIFF/r11aa1ee3t.TIF
r11b292cbt,http://193.205.194.113/RAISE/NEF/r11b292cbt.NEF, http://193.205.194.113/RAISE/TIFF/r11b292cbt.TIF
r11bf0779t,http://193.205.194.113/RAISE/NEF/r11bf0779t.NEF, http://193.205.194.113/RAISE/TIFF/r11bf0779t.TIF
r11d981d2t,http://193.205.194.113/RAISE/NEF/r11d981d2t.NEF, http://193.205.194.113/RAISE/TIFF/r11d981d2t.TIF
r11e134c7t,http://193.205.194.113/RAISE/NEF/r11e134c7t.NEF, http://193.205.194.113/RAISE/TIFF/r11e134c7t.TIF
r11e26097t,http://193.205.194.113/RAISE/NEF/r11e26097t.NEF, http://193.205.194.113/RAISE/TIFF/r11e26097t.TIF
r12133015t,http://193.205.194.113/RAISE/NEF/r12133015t.NEF, http://193.205.194.113/RAISE/TIFF/r12133015t.TIF
r1218b33at,http://193.205.194.113/RAISE/NEF/r1218b33at.NEF, http://193.205.194.113/RAISE/TIFF/r1218b33at.TIF
r121f7893t,http://193.205.194.113/RAISE/NEF/r121f7893t.NEF, http://193.205.194.113/RAISE/TIFF/r121f7893t.TIF
r1234de87t,http://193.205.194.113/RAISE/NEF/r1234de87t.NEF, http://193.205.194.113/RAISE/TIFF/r1234de87t.TIF
r123c6433t,http://193.205.194.113/RAISE/NEF/r123c6433t.NEF, http://193.205.194.113/RAISE/TIFF/r123c6433t.TIF
r125442fat,http://193.205.194.113/RAISE/NEF/r125442fat.NEF, http://193.205.194.113/RAISE/TIFF/r125442fat.TIF
r125f6e84t,http://193.205.194.113/RAISE/NEF/r125f6e84t.NEF, http://193.205.194.113/RAISE/TIFF/r125f6e84t.TIF
r1267fa5bt,http://193.205.194.113/RAISE/NEF/r1267fa5bt.NEF, http://193.205.194.113/RAISE/TIFF/r1267fa5bt.TIF
r126a22b8t,http://193.205.194.113/RAISE/NEF/r126a22b8t.NEF, http://193.205.194.113/RAISE/TIFF/r126a22b8t.TIF
r127608abt,http://193.205.194.113/RAISE/NEF/r127608abt.NEF, http://193.205.194.113/RAISE/TIFF/r127608abt.TIF
r128cc6fbt,http://193.205.194.113/RAISE/NEF/r128cc6fbt.NEF, http://193.205.194.113/RAISE/TIFF/r128cc6fbt.TIF
r128dfb38t,http://193.205.194.113/RAISE/NEF/r128dfb38t.NEF, http://193.205.194.113/RAISE/TIFF/r128dfb38t.TIF
r1293f8ect,http://193.205.194.113/RAISE/NEF/r1293f8ect.NEF, http://193.205.194.113/RAISE/TIFF/r1293f8ect.TIF
r129f09b4t,http://193.205.194.113/RAISE/NEF/r129f09b4t.NEF, http://193.205.194.113/RAISE/TIFF/r129f09b4t.TIF
r129f24bet,http://193.205.194.113/RAISE/NEF/r129f24bet.NEF, http://193.205.194.113/RAISE/TIFF/r129f24bet.TIF
r12a7e9b5t,http://193.205.194.113/RAISE/NEF/r12a7e9b5t.NEF, http://193.205.194.113/RAISE/TIFF/r12a7e9b5t.TIF
r12a97b08t,http://193.205.194.113/RAISE/NEF/r12a97b08t.NEF, http://193.205.194.113/RAISE/TIFF/r12a97b08t.TIF
r12c1798bt,http://193.205.194.113/RAISE/NEF/r12c1798bt.NEF, http://193.205.194.113/RAISE/TIFF/r12c1798bt.TIF
r12c5f70bt,http://193.205.194.113/RAISE/NEF/r12c5f70bt.NEF, http://193.205.194.113/RAISE/TIFF/r12c5f70bt.TIF
r12c64de9t,http://193.205.194.113/RAISE/NEF/r12c64de9t.NEF, http://193.205.194.113/RAISE/TIFF/r12c64de9t.TIF
r12cbfb1et,http://193.205.194.113/RAISE/NEF/r12cbfb1et.NEF, http://193.205.194.113/RAISE/TIFF/r12cbfb1et.TIF
r12cebbd2t,http://193.205.194.113/RAISE/NEF/r12cebbd2t.NEF, http://193.205.194.113/RAISE/TIFF/r12cebbd2t.TIF
r12e170d4t,http://193.205.194.113/RAISE/NEF/r12e170d4t.NEF, http://193.205.194.113/RAISE/TIFF/r12e170d4t.TIF
r12ed2816t,http://193.205.194.113/RAISE/NEF/r12ed2816t.NEF, http://193.205.194.113/RAISE/TIFF/r12ed2816t.TIF
r12f3bbfat,http://193.205.194.113/RAISE/NEF/r12f3bbfat.NEF, http://193.205.194.113/RAISE/TIFF/r12f3bbfat.TIF
r1301676dt,http://193.205.194.113/RAISE/NEF/r1301676dt.NEF, http://193.205.194.113/RAISE/TIFF/r1301676dt.TIF
r131a8f7et,http://193.205.194.113/RAISE/NEF/r131a8f7et.NEF, http://193.205.194.113/RAISE/TIFF/r131a8f7et.TIF
r1322c4d6t,http://193.205.194.113/RAISE/NEF/r1322c4d6t.NEF, http://193.205.194.113/RAISE/TIFF/r1322c4d6t.TIF
r1328ee94t,http://193.205.194.113/RAISE/NEF/r1328ee94t.NEF, http://193.205.194.113/RAISE/TIFF/r1328ee94t.TIF
r132d538et,http://193.205.194.113/RAISE/NEF/r132d538et.NEF, http://193.205.194.113/RAISE/TIFF/r132d538et.TIF
r133bb357t,http://193.205.194.113/RAISE/NEF/r133bb357t.NEF, http://193.205.194.113/RAISE/TIFF/r133bb357t.TIF
r133c5a52t,http://193.205.194.113/RAISE/NEF/r133c5a52t.NEF, http://193.205.194.113/RAISE/TIFF/r133c5a52t.TIF
r1344c943t,http://193.205.194.113/RAISE/NEF/r1344c943t.NEF, http://193.205.194.113/RAISE/TIFF/r1344c943t.TIF
r13493fa3t,http://193.205.194.113/RAISE/NEF/r13493fa3t.NEF, http://193.205.194.113/RAISE/TIFF/r13493fa3t.TIF
r134ba6abt,http://193.205.194.113/RAISE/NEF/r134ba6abt.NEF, http://193.205.194.113/RAISE/TIFF/r134ba6abt.TIF
r1372056ct,http://193.205.194.113/RAISE/NEF/r1372056ct.NEF, http://193.205.194.113/RAISE/TIFF/r1372056ct.TIF
r1378de81t,http://193.205.194.113/RAISE/NEF/r1378de81t.NEF, http://193.205.194.113/RAISE/TIFF/r1378de81t.TIF
r137bcd7at,http://193.205.194.113/RAISE/NEF/r137bcd7at.NEF, http://193.205.194.113/RAISE/TIFF/r137bcd7at.TIF
r137f062ft,http://193.205.194.113/RAISE/NEF/r137f062ft.NEF, http://193.205.194.113/RAISE/TIFF/r137f062ft.TIF
r138ad247t,http://193.205.194.113/RAISE/NEF/r138ad247t.NEF, http://193.205.194.113/RAISE/TIFF/r138ad247t.TIF
r138ceafbt,http://193.205.194.113/RAISE/NEF/r138ceafbt.NEF, http://193.205.194.113/RAISE/TIFF/r138ceafbt.TIF
r13907965t,http://193.205.194.113/RAISE/NEF/r13907965t.NEF, http://193.205.194.113/RAISE/TIFF/r13907965t.TIF
r13928401t,http://193.205.194.113/RAISE/NEF/r13928401t.NEF, http://193.205.194.113/RAISE/TIFF/r13928401t.TIF
r13934dc7t,http://193.205.194.113/RAISE/NEF/r13934dc7t.NEF, http://193.205.194.113/RAISE/TIFF/r13934dc7t.TIF
r13a16a0at,http://193.205.194.113/RAISE/NEF/r13a16a0at.NEF, http://193.205.194.113/RAISE/TIFF/r13a16a0at.TIF
r13a9002bt,http://193.205.194.113/RAISE/NEF/r13a9002bt.NEF, http://193.205.194.113/RAISE/TIFF/r13a9002bt.TIF
r13b5b161t,http://193.205.194.113/RAISE/NEF/r13b5b161t.NEF, http://193.205.194.113/RAISE/TIFF/r13b5b161t.TIF
r13c19caft,http://193.205.194.113/RAISE/NEF/r13c19caft.NEF, http://193.205.194.113/RAISE/TIFF/r13c19caft.TIF
r13c7e92dt,http://193.205.194.113/RAISE/NEF/r13c7e92dt.NEF, http://193.205.194.113/RAISE/TIFF/r13c7e92dt.TIF
r13c85634t,http://193.205.194.113/RAISE/NEF/r13c85634t.NEF, http://193.205.194.113/RAISE/TIFF/r13c85634t.TIF
r13dab3c7t,http://193.205.194.113/RAISE/NEF/r13dab3c7t.NEF, http://193.205.194.113/RAISE/TIFF/r13dab3c7t.TIF
r13de1e12t,http://193.205.194.113/RAISE/NEF/r13de1e12t.NEF, http://193.205.194.113/RAISE/TIFF/r13de1e12t.TIF
r13e56300t,http://193.205.194.113/RAISE/NEF/r13e56300t.NEF, http://193.205.194.113/RAISE/TIFF/r13e56300t.TIF
r141669e5t,http://193.205.194.113/RAISE/NEF/r141669e5t.NEF, http://193.205.194.113/RAISE/TIFF/r141669e5t.TIF
r1419078bt,http://193.205.194.113/RAISE/NEF/r1419078bt.NEF, http://193.205.194.113/RAISE/TIFF/r1419078bt.TIF
r141e4467t,http://193.205.194.113/RAISE/NEF/r141e4467t.NEF, http://193.205.194.113/RAISE/TIFF/r141e4467t.TIF
r142335f0t,http://193.205.194.113/RAISE/NEF/r142335f0t.NEF, http://193.205.194.113/RAISE/TIFF/r142335f0t.TIF
r1426cde6t,http://193.205.194.113/RAISE/NEF/r1426cde6t.NEF, http://193.205.194.113/RAISE/TIFF/r1426cde6t.TIF
r142787e2t,http://193.205.194.113/RAISE/NEF/r142787e2t.NEF, http://193.205.194.113/RAISE/TIFF/r142787e2t.TIF
r142b504bt,http://193.205.194.113/RAISE/NEF/r142b504bt.NEF, http://193.205.194.113/RAISE/TIFF/r142b504bt.TIF
r144e095dt,http://193.205.194.113/RAISE/NEF/r144e095dt.NEF, http://193.205.194.113/RAISE/TIFF/r144e095dt.TIF
r144f25eet,http://193.205.194.113/RAISE/NEF/r144f25eet.NEF, http://193.205.194.113/RAISE/TIFF/r144f25eet.TIF
r145215fft,http://193.205.194.113/RAISE/NEF/r145215fft.NEF, http://193.205.194.113/RAISE/TIFF/r145215fft.TIF
r14556dabt,http://193.205.194.113/RAISE/NEF/r14556dabt.NEF, http://193.205.194.113/RAISE/TIFF/r14556dabt.TIF
r14586c63t,http://193.205.194.113/RAISE/NEF/r14586c63t.NEF, http://193.205.194.113/RAISE/TIFF/r14586c63t.TIF
r1461e2d7t,http://193.205.194.113/RAISE/NEF/r1461e2d7t.NEF, http://193.205.194.113/RAISE/TIFF/r1461e2d7t.TIF
r146771d7t,http://193.205.194.113/RAISE/NEF/r146771d7t.NEF, http://193.205.194.113/RAISE/TIFF/r146771d7t.TIF
r1468a9e1t,http://193.205.194.113/RAISE/NEF/r1468a9e1t.NEF, http://193.205.194.113/RAISE/TIFF/r1468a9e1t.TIF
r14902ba4t,http://193.205.194.113/RAISE/NEF/r14902ba4t.NEF, http://193.205.194.113/RAISE/TIFF/r14902ba4t.TIF
r14a51689t,http://193.205.194.113/RAISE/NEF/r14a51689t.NEF, http://193.205.194.113/RAISE/TIFF/r14a51689t.TIF
r14a9a843t,http://193.205.194.113/RAISE/NEF/r14a9a843t.NEF, http://193.205.194.113/RAISE/TIFF/r14a9a843t.TIF
r14bfe6f4t,http://193.205.194.113/RAISE/NEF/r14bfe6f4t.NEF, http://193.205.194.113/RAISE/TIFF/r14bfe6f4t.TIF
r14c2d3fct,http://193.205.194.113/RAISE/NEF/r14c2d3fct.NEF, http://193.205.194.113/RAISE/TIFF/r14c2d3fct.TIF
r14c67ed2t,http://193.205.194.113/RAISE/NEF/r14c67ed2t.NEF, http://193.205.194.113/RAISE/TIFF/r14c67ed2t.TIF
r14ca1259t,http://193.205.194.113/RAISE/NEF/r14ca1259t.NEF, http://193.205.194.113/RAISE/TIFF/r14ca1259t.TIF
r14df59fet,http://193.205.194.113/RAISE/NEF/r14df59fet.NEF, http://193.205.194.113/RAISE/TIFF/r14df59fet.TIF
r14f241e4t,http://193.205.194.113/RAISE/NEF/r14f241e4t.NEF, http://193.205.194.113/RAISE/TIFF/r14f241e4t.TIF
r150058a4t,http://193.205.194.113/RAISE/NEF/r150058a4t.NEF, http://193.205.194.113/RAISE/TIFF/r150058a4t.TIF
r15028ceft,http://193.205.194.113/RAISE/NEF/r15028ceft.NEF, http://193.205.194.113/RAISE/TIFF/r15028ceft.TIF
r150b1b51t,http://193.205.194.113/RAISE/NEF/r150b1b51t.NEF, http://193.205.194.113/RAISE/TIFF/r150b1b51t.TIF
r15199ae3t,http://193.205.194.113/RAISE/NEF/r15199ae3t.NEF, http://193.205.194.113/RAISE/TIFF/r15199ae3t.TIF
r15499cd8t,http://193.205.194.113/RAISE/NEF/r15499cd8t.NEF, http://193.205.194.113/RAISE/TIFF/r15499cd8t.TIF
r154d7294t,http://193.205.194.113/RAISE/NEF/r154d7294t.NEF, http://193.205.194.113/RAISE/TIFF/r154d7294t.TIF
r1554cfadt,http://193.205.194.113/RAISE/NEF/r1554cfadt.NEF, http://193.205.194.113/RAISE/TIFF/r1554cfadt.TIF
r155fe1fat,http://193.205.194.113/RAISE/NEF/r155fe1fat.NEF, http://193.205.194.113/RAISE/TIFF/r155fe1fat.TIF
r1565a7e7t,http://193.205.194.113/RAISE/NEF/r1565a7e7t.NEF, http://193.205.194.113/RAISE/TIFF/r1565a7e7t.TIF
r1570dd6at,http://193.205.194.113/RAISE/NEF/r1570dd6at.NEF, http://193.205.194.113/RAISE/TIFF/r1570dd6at.TIF
r1580c37ft,http://193.205.194.113/RAISE/NEF/r1580c37ft.NEF, http://193.205.194.113/RAISE/TIFF/r1580c37ft.TIF
r15919202t,http://193.205.194.113/RAISE/NEF/r15919202t.NEF, http://193.205.194.113/RAISE/TIFF/r15919202t.TIF
r159d3942t,http://193.205.194.113/RAISE/NEF/r159d3942t.NEF, http://193.205.194.113/RAISE/TIFF/r159d3942t.TIF
r15a0b476t,http://193.205.194.113/RAISE/NEF/r15a0b476t.NEF, http://193.205.194.113/RAISE/TIFF/r15a0b476t.TIF
r15c91802t,http://193.205.194.113/RAISE/NEF/r15c91802t.NEF, http://193.205.194.113/RAISE/TIFF/r15c91802t.TIF
r15dcfacct,http://193.205.194.113/RAISE/NEF/r15dcfacct.NEF, http://193.205.194.113/RAISE/TIFF/r15dcfacct.TIF
r15eef8b9t,http://193.205.194.113/RAISE/NEF/r15eef8b9t.NEF, http://193.205.194.113/RAISE/TIFF/r15eef8b9t.TIF
r15efd876t,http://193.205.194.113/RAISE/NEF/r15efd876t.NEF, http://193.205.194.113/RAISE/TIFF/r15efd876t.TIF
r15f07f9dt,http://193.205.194.113/RAISE/NEF/r15f07f9dt.NEF, http://193.205.194.113/RAISE/TIFF/r15f07f9dt.TIF
r1602555bt,http://193.205.194.113/RAISE/NEF/r1602555bt.NEF, http://193.205.194.113/RAISE/TIFF/r1602555bt.TIF
r16113cc8t,http://193.205.194.113/RAISE/NEF/r16113cc8t.NEF, http://193.205.194.113/RAISE/TIFF/r16113cc8t.TIF
r16144fa2t,http://193.205.194.113/RAISE/NEF/r16144fa2t.NEF, http://193.205.194.113/RAISE/TIFF/r16144fa2t.TIF
r1618da9dt,http://193.205.194.113/RAISE/NEF/r1618da9dt.NEF, http://193.205.194.113/RAISE/TIFF/r1618da9dt.TIF
r16192cf0t,http://193.205.194.113/RAISE/NEF/r16192cf0t.NEF, http://193.205.194.113/RAISE/TIFF/r16192cf0t.TIF
r162b2209t,http://193.205.194.113/RAISE/NEF/r162b2209t.NEF, http://193.205.194.113/RAISE/TIFF/r162b2209t.TIF
r16422663t,http://193.205.194.113/RAISE/NEF/r16422663t.NEF, http://193.205.194.113/RAISE/TIFF/r16422663t.TIF
r1644d874t,http://193.205.194.113/RAISE/NEF/r1644d874t.NEF, http://193.205.194.113/RAISE/TIFF/r1644d874t.TIF
r1645a09ct,http://193.205.194.113/RAISE/NEF/r1645a09ct.NEF, http://193.205.194.113/RAISE/TIFF/r1645a09ct.TIF
r164c1e13t,http://193.205.194.113/RAISE/NEF/r164c1e13t.NEF, http://193.205.194.113/RAISE/TIFF/r164c1e13t.TIF
r16509308t,http://193.205.194.113/RAISE/NEF/r16509308t.NEF, http://193.205.194.113/RAISE/TIFF/r16509308t.TIF
r1655a008t,http://193.205.194.113/RAISE/NEF/r1655a008t.NEF, http://193.205.194.113/RAISE/TIFF/r1655a008t.TIF
r165fbf4ft,http://193.205.194.113/RAISE/NEF/r165fbf4ft.NEF, http://193.205.194.113/RAISE/TIFF/r165fbf4ft.TIF
r1661f358t,http://193.205.194.113/RAISE/NEF/r1661f358t.NEF, http://193.205.194.113/RAISE/TIFF/r1661f358t.TIF
r16654024t,http://193.205.194.113/RAISE/NEF/r16654024t.NEF, http://193.205.194.113/RAISE/TIFF/r16654024t.TIF
r16698b6et,http://193.205.194.113/RAISE/NEF/r16698b6et.NEF, http://193.205.194.113/RAISE/TIFF/r16698b6et.TIF
r1683028at,http://193.205.194.113/RAISE/NEF/r1683028at.NEF, http://193.205.194.113/RAISE/TIFF/r1683028at.TIF
r169c7350t,http://193.205.194.113/RAISE/NEF/r169c7350t.NEF, http://193.205.194.113/RAISE/TIFF/r169c7350t.TIF
r169f694ft,http://193.205.194.113/RAISE/NEF/r169f694ft.NEF, http://193.205.194.113/RAISE/TIFF/r169f694ft.TIF
r16d6c35dt,http://193.205.194.113/RAISE/NEF/r16d6c35dt.NEF, http://193.205.194.113/RAISE/TIFF/r16d6c35dt.TIF
r16da5576t,http://193.205.194.113/RAISE/NEF/r16da5576t.NEF, http://193.205.194.113/RAISE/TIFF/r16da5576t.TIF
r16dca6f2t,http://193.205.194.113/RAISE/NEF/r16dca6f2t.NEF, http://193.205.194.113/RAISE/TIFF/r16dca6f2t.TIF
r16ea6386t,http://193.205.194.113/RAISE/NEF/r16ea6386t.NEF, http://193.205.194.113/RAISE/TIFF/r16ea6386t.TIF
r170632f5t,http://193.205.194.113/RAISE/NEF/r170632f5t.NEF, http://193.205.194.113/RAISE/TIFF/r170632f5t.TIF
r170b020bt,http://193.205.194.113/RAISE/NEF/r170b020bt.NEF, http://193.205.194.113/RAISE/TIFF/r170b020bt.TIF
r170df29ct,http://193.205.194.113/RAISE/NEF/r170df29ct.NEF, http://193.205.194.113/RAISE/TIFF/r170df29ct.TIF
r171d73aat,http://193.205.194.113/RAISE/NEF/r171d73aat.NEF, http://193.205.194.113/RAISE/TIFF/r171d73aat.TIF
r171eeaf8t,http://193.205.194.113/RAISE/NEF/r171eeaf8t.NEF, http://193.205.194.113/RAISE/TIFF/r171eeaf8t.TIF
r17217693t,http://193.205.194.113/RAISE/NEF/r17217693t.NEF, http://193.205.194.113/RAISE/TIFF/r17217693t.TIF
r17228bbdt,http://193.205.194.113/RAISE/NEF/r17228bbdt.NEF, http://193.205.194.113/RAISE/TIFF/r17228bbdt.TIF
r173ee7e8t,http://193.205.194.113/RAISE/NEF/r173ee7e8t.NEF, http://193.205.194.113/RAISE/TIFF/r173ee7e8t.TIF
r17492cd5t,http://193.205.194.113/RAISE/NEF/r17492cd5t.NEF, http://193.205.194.113/RAISE/TIFF/r17492cd5t.TIF
r177dd68et,http://193.205.194.113/RAISE/NEF/r177dd68et.NEF, http://193.205.194.113/RAISE/TIFF/r177dd68et.TIF
r177fb9f1t,http://193.205.194.113/RAISE/NEF/r177fb9f1t.NEF, http://193.205.194.113/RAISE/TIFF/r177fb9f1t.TIF
r179bb406t,http://193.205.194.113/RAISE/NEF/r179bb406t.NEF, http://193.205.194.113/RAISE/TIFF/r179bb406t.TIF
r179ec4e8t,http://193.205.194.113/RAISE/NEF/r179ec4e8t.NEF, http://193.205.194.113/RAISE/TIFF/r179ec4e8t.TIF
r17ad56act,http://193.205.194.113/RAISE/NEF/r17ad56act.NEF, http://193.205.194.113/RAISE/TIFF/r17ad56act.TIF
r17afaaa1t,http://193.205.194.113/RAISE/NEF/r17afaaa1t.NEF, http://193.205.194.113/RAISE/TIFF/r17afaaa1t.TIF
r17b873bct,http://193.205.194.113/RAISE/NEF/r17b873bct.NEF, http://193.205.194.113/RAISE/TIFF/r17b873bct.TIF
r17c76042t,http://193.205.194.113/RAISE/NEF/r17c76042t.NEF, http://193.205.194.113/RAISE/TIFF/r17c76042t.TIF
r17d11b3at,http://193.205.194.113/RAISE/NEF/r17d11b3at.NEF, http://193.205.194.113/RAISE/TIFF/r17d11b3at.TIF
r17fe8532t,http://193.205.194.113/RAISE/NEF/r17fe8532t.NEF, http://193.205.194.113/RAISE/TIFF/r17fe8532t.TIF
r1800ab47t,http://193.205.194.113/RAISE/NEF/r1800ab47t.NEF, http://193.205.194.113/RAISE/TIFF/r1800ab47t.TIF
r180bcbd7t,http://193.205.194.113/RAISE/NEF/r180bcbd7t.NEF, http://193.205.194.113/RAISE/TIFF/r180bcbd7t.TIF
r1810ba7at,http://193.205.194.113/RAISE/NEF/r1810ba7at.NEF, http://193.205.194.113/RAISE/TIFF/r1810ba7at.TIF
r181d64eat,http://193.205.194.113/RAISE/NEF/r181d64eat.NEF, http://193.205.194.113/RAISE/TIFF/r181d64eat.TIF
r181dd93dt,http://193.205.194.113/RAISE/NEF/r181dd93dt.NEF, http://193.205.194.113/RAISE/TIFF/r181dd93dt.TIF
r1824034et,http://193.205.194.113/RAISE/NEF/r1824034et.NEF, http://193.205.194.113/RAISE/TIFF/r1824034et.TIF
r18302db2t,http://193.205.194.113/RAISE/NEF/r18302db2t.NEF, http://193.205.194.113/RAISE/TIFF/r18302db2t.TIF
r18393aeet,http://193.205.194.113/RAISE/NEF/r18393aeet.NEF, http://193.205.194.113/RAISE/TIFF/r18393aeet.TIF
r184f08dat,http://193.205.194.113/RAISE/NEF/r184f08dat.NEF, http://193.205.194.113/RAISE/TIFF/r184f08dat.TIF
r185929e9t,http://193.205.194.113/RAISE/NEF/r185929e9t.NEF, http://193.205.194.113/RAISE/TIFF/r185929e9t.TIF
r1866b73at,http://193.205.194.113/RAISE/NEF/r1866b73at.NEF, http://193.205.194.113/RAISE/TIFF/r1866b73at.TIF
r186c09e4t,http://193.205.194.113/RAISE/NEF/r186c09e4t.NEF, http://193.205.194.113/RAISE/TIFF/r186c09e4t.TIF
r18791531t,http://193.205.194.113/RAISE/NEF/r18791531t.NEF, http://193.205.194.113/RAISE/TIFF/r18791531t.TIF
r18798194t,http://193.205.194.113/RAISE/NEF/r18798194t.NEF, http://193.205.194.113/RAISE/TIFF/r18798194t.TIF
r1882b6e6t,http://193.205.194.113/RAISE/NEF/r1882b6e6t.NEF, http://193.205.194.113/RAISE/TIFF/r1882b6e6t.TIF
r1889220ft,http://193.205.194.113/RAISE/NEF/r1889220ft.NEF, http://193.205.194.113/RAISE/TIFF/r1889220ft.TIF
r188eb234t,http://193.205.194.113/RAISE/NEF/r188eb234t.NEF, http://193.205.194.113/RAISE/TIFF/r188eb234t.TIF
r18990432t,http://193.205.194.113/RAISE/NEF/r18990432t.NEF, http://193.205.194.113/RAISE/TIFF/r18990432t.TIF
r189be0d8t,http://193.205.194.113/RAISE/NEF/r189be0d8t.NEF, http://193.205.194.113/RAISE/TIFF/r189be0d8t.TIF
r18d1abact,http://193.205.194.113/RAISE/NEF/r18d1abact.NEF, http://193.205.194.113/RAISE/TIFF/r18d1abact.TIF
r18d72ab2t,http://193.205.194.113/RAISE/NEF/r18d72ab2t.NEF, http://193.205.194.113/RAISE/TIFF/r18d72ab2t.TIF
r18d866e1t,http://193.205.194.113/RAISE/NEF/r18d866e1t.NEF, http://193.205.194.113/RAISE/TIFF/r18d866e1t.TIF
r18d9feeat,http://193.205.194.113/RAISE/NEF/r18d9feeat.NEF, http://193.205.194.113/RAISE/TIFF/r18d9feeat.TIF
r18e0516bt,http://193.205.194.113/RAISE/NEF/r18e0516bt.NEF, http://193.205.194.113/RAISE/TIFF/r18e0516bt.TIF
r18ea00c8t,http://193.205.194.113/RAISE/NEF/r18ea00c8t.NEF, http://193.205.194.113/RAISE/TIFF/r18ea00c8t.TIF
r18fafe10t,http://193.205.194.113/RAISE/NEF/r18fafe10t.NEF, http://193.205.194.113/RAISE/TIFF/r18fafe10t.TIF
r1900f7c7t,http://193.205.194.113/RAISE/NEF/r1900f7c7t.NEF, http://193.205.194.113/RAISE/TIFF/r1900f7c7t.TIF
r1904147dt,http://193.205.194.113/RAISE/NEF/r1904147dt.NEF, http://193.205.194.113/RAISE/TIFF/r1904147dt.TIF
r191488c6t,http://193.205.194.113/RAISE/NEF/r191488c6t.NEF, http://193.205.194.113/RAISE/TIFF/r191488c6t.TIF
r19183258t,http://193.205.194.113/RAISE/NEF/r19183258t.NEF, http://193.205.194.113/RAISE/TIFF/r19183258t.TIF
r191f3cdet,http://193.205.194.113/RAISE/NEF/r191f3cdet.NEF, http://193.205.194.113/RAISE/TIFF/r191f3cdet.TIF
r1934e29ft,http://193.205.194.113/RAISE/NEF/r1934e29ft.NEF, http://193.205.194.113/RAISE/TIFF/r1934e29ft.TIF
r193b12aet,http://193.205.194.113/RAISE/NEF/r193b12aet.NEF, http://193.205.194.113/RAISE/TIFF/r193b12aet.TIF
r194c49f5t,http://193.205.194.113/RAISE/NEF/r194c49f5t.NEF, http://193.205.194.113/RAISE/TIFF/r194c49f5t.TIF
r195a5f44t,http://193.205.194.113/RAISE/NEF/r195a5f44t.NEF, http://193.205.194.113/RAISE/TIFF/r195a5f44t.TIF
r195f12adt,http://193.205.194.113/RAISE/NEF/r195f12adt.NEF, http://193.205.194.113/RAISE/TIFF/r195f12adt.TIF
r197770adt,http://193.205.194.113/RAISE/NEF/r197770adt.NEF, http://193.205.194.113/RAISE/TIFF/r197770adt.TIF
r19835fbft,http://193.205.194.113/RAISE/NEF/r19835fbft.NEF, http://193.205.194.113/RAISE/TIFF/r19835fbft.TIF
r1986e42bt,http://193.205.194.113/RAISE/NEF/r1986e42bt.NEF, http://193.205.194.113/RAISE/TIFF/r1986e42bt.TIF
r198ae140t,http://193.205.194.113/RAISE/NEF/r198ae140t.NEF, http://193.205.194.113/RAISE/TIFF/r198ae140t.TIF
r198ea6a5t,http://193.205.194.113/RAISE/NEF/r198ea6a5t.NEF, http://193.205.194.113/RAISE/TIFF/r198ea6a5t.TIF
r19924edft,http://193.205.194.113/RAISE/NEF/r19924edft.NEF, http://193.205.194.113/RAISE/TIFF/r19924edft.TIF
r19b49f2ct,http://193.205.194.113/RAISE/NEF/r19b49f2ct.NEF, http://193.205.194.113/RAISE/TIFF/r19b49f2ct.TIF
r19ba7288t,http://193.205.194.113/RAISE/NEF/r19ba7288t.NEF, http://193.205.194.113/RAISE/TIFF/r19ba7288t.TIF
r19be5c05t,http://193.205.194.113/RAISE/NEF/r19be5c05t.NEF, http://193.205.194.113/RAISE/TIFF/r19be5c05t.TIF
r19c9183at,http://193.205.194.113/RAISE/NEF/r19c9183at.NEF, http://193.205.194.113/RAISE/TIFF/r19c9183at.TIF
r19d47beft,http://193.205.194.113/RAISE/NEF/r19d47beft.NEF, http://193.205.194.113/RAISE/TIFF/r19d47beft.TIF
r19d72b0ct,http://193.205.194.113/RAISE/NEF/r19d72b0ct.NEF, http://193.205.194.113/RAISE/TIFF/r19d72b0ct.TIF
r19d92967t,http://193.205.194.113/RAISE/NEF/r19d92967t.NEF, http://193.205.194.113/RAISE/TIFF/r19d92967t.TIF
r19fe3107t,http://193.205.194.113/RAISE/NEF/r19fe3107t.NEF, http://193.205.194.113/RAISE/TIFF/r19fe3107t.TIF
r1a07dd25t,http://193.205.194.113/RAISE/NEF/r1a07dd25t.NEF, http://193.205.194.113/RAISE/TIFF/r1a07dd25t.TIF
r1a0968bft,http://193.205.194.113/RAISE/NEF/r1a0968bft.NEF, http://193.205.194.113/RAISE/TIFF/r1a0968bft.TIF
r1a0f5585t,http://193.205.194.113/RAISE/NEF/r1a0f5585t.NEF, http://193.205.194.113/RAISE/TIFF/r1a0f5585t.TIF
r1a170ddbt,http://193.205.194.113/RAISE/NEF/r1a170ddbt.NEF, http://193.205.194.113/RAISE/TIFF/r1a170ddbt.TIF
r1a28d44bt,http://193.205.194.113/RAISE/NEF/r1a28d44bt.NEF, http://193.205.194.113/RAISE/TIFF/r1a28d44bt.TIF
r1a485a99t,http://193.205.194.113/RAISE/NEF/r1a485a99t.NEF, http://193.205.194.113/RAISE/TIFF/r1a485a99t.TIF
r1a57cb29t,http://193.205.194.113/RAISE/NEF/r1a57cb29t.NEF, http://193.205.194.113/RAISE/TIFF/r1a57cb29t.TIF
r1a60a2bdt,http://193.205.194.113/RAISE/NEF/r1a60a2bdt.NEF, http://193.205.194.113/RAISE/TIFF/r1a60a2bdt.TIF
r1a711e27t,http://193.205.194.113/RAISE/NEF/r1a711e27t.NEF, http://193.205.194.113/RAISE/TIFF/r1a711e27t.TIF
r1a7346d0t,http://193.205.194.113/RAISE/NEF/r1a7346d0t.NEF, http://193.205.194.113/RAISE/TIFF/r1a7346d0t.TIF
r1a7bb1d6t,http://193.205.194.113/RAISE/NEF/r1a7bb1d6t.NEF, http://193.205.194.113/RAISE/TIFF/r1a7bb1d6t.TIF
r1a7feb2bt,http://193.205.194.113/RAISE/NEF/r1a7feb2bt.NEF, http://193.205.194.113/RAISE/TIFF/r1a7feb2bt.TIF
r1a845144t,http://193.205.194.113/RAISE/NEF/r1a845144t.NEF, http://193.205.194.113/RAISE/TIFF/r1a845144t.TIF
r1a877849t,http://193.205.194.113/RAISE/NEF/r1a877849t.NEF, http://193.205.194.113/RAISE/TIFF/r1a877849t.TIF
r1a8d7a86t,http://193.205.194.113/RAISE/NEF/r1a8d7a86t.NEF, http://193.205.194.113/RAISE/TIFF/r1a8d7a86t.TIF
r1a8fe570t,http://193.205.194.113/RAISE/NEF/r1a8fe570t.NEF, http://193.205.194.113/RAISE/TIFF/r1a8fe570t.TIF
r1a91c337t,http://193.205.194.113/RAISE/NEF/r1a91c337t.NEF, http://193.205.194.113/RAISE/TIFF/r1a91c337t.TIF
r1a9783cdt,http://193.205.194.113/RAISE/NEF/r1a9783cdt.NEF, http://193.205.194.113/RAISE/TIFF/r1a9783cdt.TIF
r1aa43470t,http://193.205.194.113/RAISE/NEF/r1aa43470t.NEF, http://193.205.194.113/RAISE/TIFF/r1aa43470t.TIF
r1aa4cc99t,http://193.205.194.113/RAISE/NEF/r1aa4cc99t.NEF, http://193.205.194.113/RAISE/TIFF/r1aa4cc99t.TIF
r1aa4db16t,http://193.205.194.113/RAISE/NEF/r1aa4db16t.NEF, http://193.205.194.113/RAISE/TIFF/r1aa4db16t.TIF
r1aa53167t,http://193.205.194.113/RAISE/NEF/r1aa53167t.NEF, http://193.205.194.113/RAISE/TIFF/r1aa53167t.TIF
r1aa7459at,http://193.205.194.113/RAISE/NEF/r1aa7459at.NEF, http://193.205.194.113/RAISE/TIFF/r1aa7459at.TIF
r1ab1679et,http://193.205.194.113/RAISE/NEF/r1ab1679et.NEF, http://193.205.194.113/RAISE/TIFF/r1ab1679et.TIF
r1ad3fa6dt,http://193.205.194.113/RAISE/NEF/r1ad3fa6dt.NEF, http://193.205.194.113/RAISE/TIFF/r1ad3fa6dt.TIF
r1aef663et,http://193.205.194.113/RAISE/NEF/r1aef663et.NEF, http://193.205.194.113/RAISE/TIFF/r1aef663et.TIF
r1af60295t,http://193.205.194.113/RAISE/NEF/r1af60295t.NEF, http://193.205.194.113/RAISE/TIFF/r1af60295t.TIF
r1b09da9ct,http://193.205.194.113/RAISE/NEF/r1b09da9ct.NEF, http://193.205.194.113/RAISE/TIFF/r1b09da9ct.TIF
r1b106abdt,http://193.205.194.113/RAISE/NEF/r1b106abdt.NEF, http://193.205.194.113/RAISE/TIFF/r1b106abdt.TIF
r1b177fe1t,http://193.205.194.113/RAISE/NEF/r1b177fe1t.NEF, http://193.205.194.113/RAISE/TIFF/r1b177fe1t.TIF
r1b17f0f0t,http://193.205.194.113/RAISE/NEF/r1b17f0f0t.NEF, http://193.205.194.113/RAISE/TIFF/r1b17f0f0t.TIF
r1b1c1019t,http://193.205.194.113/RAISE/NEF/r1b1c1019t.NEF, http://193.205.194.113/RAISE/TIFF/r1b1c1019t.TIF
r1b2765ebt,http://193.205.194.113/RAISE/NEF/r1b2765ebt.NEF, http://193.205.194.113/RAISE/TIFF/r1b2765ebt.TIF
r1b32a6bct,http://193.205.194.113/RAISE/NEF/r1b32a6bct.NEF, http://193.205.194.113/RAISE/TIFF/r1b32a6bct.TIF
r1b4e82c4t,http://193.205.194.113/RAISE/NEF/r1b4e82c4t.NEF, http://193.205.194.113/RAISE/TIFF/r1b4e82c4t.TIF
r1b547547t,http://193.205.194.113/RAISE/NEF/r1b547547t.NEF, http://193.205.194.113/RAISE/TIFF/r1b547547t.TIF
r1b57dbb2t,http://193.205.194.113/RAISE/NEF/r1b57dbb2t.NEF, http://193.205.194.113/RAISE/TIFF/r1b57dbb2t.TIF
r1b6c1adbt,http://193.205.194.113/RAISE/NEF/r1b6c1adbt.NEF, http://193.205.194.113/RAISE/TIFF/r1b6c1adbt.TIF
r1b8b1b14t,http://193.205.194.113/RAISE/NEF/r1b8b1b14t.NEF, http://193.205.194.113/RAISE/TIFF/r1b8b1b14t.TIF
r1b9e9917t,http://193.205.194.113/RAISE/NEF/r1b9e9917t.NEF, http://193.205.194.113/RAISE/TIFF/r1b9e9917t.TIF
r1bc23d6et,http://193.205.194.113/RAISE/NEF/r1bc23d6et.NEF, http://193.205.194.113/RAISE/TIFF/r1bc23d6et.TIF
r1bc355f2t,http://193.205.194.113/RAISE/NEF/r1bc355f2t.NEF, http://193.205.194.113/RAISE/TIFF/r1bc355f2t.TIF
r1bc3dd23t,http://193.205.194.113/RAISE/NEF/r1bc3dd23t.NEF, http://193.205.194.113/RAISE/TIFF/r1bc3dd23t.TIF
r1bc92a89t,http://193.205.194.113/RAISE/NEF/r1bc92a89t.NEF, http://193.205.194.113/RAISE/TIFF/r1bc92a89t.TIF
r1bcfab73t,http://193.205.194.113/RAISE/NEF/r1bcfab73t.NEF, http://193.205.194.113/RAISE/TIFF/r1bcfab73t.TIF
r1bd70210t,http://193.205.194.113/RAISE/NEF/r1bd70210t.NEF, http://193.205.194.113/RAISE/TIFF/r1bd70210t.TIF
r1bddecd6t,http://193.205.194.113/RAISE/NEF/r1bddecd6t.NEF, http://193.205.194.113/RAISE/TIFF/r1bddecd6t.TIF
r1be4943bt,http://193.205.194.113/RAISE/NEF/r1be4943bt.NEF, http://193.205.194.113/RAISE/TIFF/r1be4943bt.TIF
r1bf4e594t,http://193.205.194.113/RAISE/NEF/r1bf4e594t.NEF, http://193.205.194.113/RAISE/TIFF/r1bf4e594t.TIF
r1bf7ff83t,http://193.205.194.113/RAISE/NEF/r1bf7ff83t.NEF, http://193.205.194.113/RAISE/TIFF/r1bf7ff83t.TIF
r1bfbaab3t,http://193.205.194.113/RAISE/NEF/r1bfbaab3t.NEF, http://193.205.194.113/RAISE/TIFF/r1bfbaab3t.TIF
r1c028de8t,http://193.205.194.113/RAISE/NEF/r1c028de8t.NEF, http://193.205.194.113/RAISE/TIFF/r1c028de8t.TIF
r1c070921t,http://193.205.194.113/RAISE/NEF/r1c070921t.NEF, http://193.205.194.113/RAISE/TIFF/r1c070921t.TIF
r1c09b002t,http://193.205.194.113/RAISE/NEF/r1c09b002t.NEF, http://193.205.194.113/RAISE/TIFF/r1c09b002t.TIF
r1c146589t,http://193.205.194.113/RAISE/NEF/r1c146589t.NEF, http://193.205.194.113/RAISE/TIFF/r1c146589t.TIF
r1c1e3ec9t,http://193.205.194.113/RAISE/NEF/r1c1e3ec9t.NEF, http://193.205.194.113/RAISE/TIFF/r1c1e3ec9t.TIF
r1c23e440t,http://193.205.194.113/RAISE/NEF/r1c23e440t.NEF, http://193.205.194.113/RAISE/TIFF/r1c23e440t.TIF
r1c243af7t,http://193.205.194.113/RAISE/NEF/r1c243af7t.NEF, http://193.205.194.113/RAISE/TIFF/r1c243af7t.TIF
r1c24a571t,http://193.205.194.113/RAISE/NEF/r1c24a571t.NEF, http://193.205.194.113/RAISE/TIFF/r1c24a571t.TIF
r1c2ac865t,http://193.205.194.113/RAISE/NEF/r1c2ac865t.NEF, http://193.205.194.113/RAISE/TIFF/r1c2ac865t.TIF
r1c31a90bt,http://193.205.194.113/RAISE/NEF/r1c31a90bt.NEF, http://193.205.194.113/RAISE/TIFF/r1c31a90bt.TIF
r1c402787t,http://193.205.194.113/RAISE/NEF/r1c402787t.NEF, http://193.205.194.113/RAISE/TIFF/r1c402787t.TIF
r1c4ae120t,http://193.205.194.113/RAISE/NEF/r1c4ae120t.NEF, http://193.205.194.113/RAISE/TIFF/r1c4ae120t.TIF
r1c4d4720t,http://193.205.194.113/RAISE/NEF/r1c4d4720t.NEF, http://193.205.194.113/RAISE/TIFF/r1c4d4720t.TIF
r1c4deb71t,http://193.205.194.113/RAISE/NEF/r1c4deb71t.NEF, http://193.205.194.113/RAISE/TIFF/r1c4deb71t.TIF
r1c56a2bct,http://193.205.194.113/RAISE/NEF/r1c56a2bct.NEF, http://193.205.194.113/RAISE/TIFF/r1c56a2bct.TIF
r1c5a4928t,http://193.205.194.113/RAISE/NEF/r1c5a4928t.NEF, http://193.205.194.113/RAISE/TIFF/r1c5a4928t.TIF
r1c5ec853t,http://193.205.194.113/RAISE/NEF/r1c5ec853t.NEF, http://193.205.194.113/RAISE/TIFF/r1c5ec853t.TIF
r1c6377bat,http://193.205.194.113/RAISE/NEF/r1c6377bat.NEF, http://193.205.194.113/RAISE/TIFF/r1c6377bat.TIF
r1c83ec1dt,http://193.205.194.113/RAISE/NEF/r1c83ec1dt.NEF, http://193.205.194.113/RAISE/TIFF/r1c83ec1dt.TIF
r1c874ac4t,http://193.205.194.113/RAISE/NEF/r1c874ac4t.NEF, http://193.205.194.113/RAISE/TIFF/r1c874ac4t.TIF
r1c99500bt,http://193.205.194.113/RAISE/NEF/r1c99500bt.NEF, http://193.205.194.113/RAISE/TIFF/r1c99500bt.TIF
r1c9fdcf4t,http://193.205.194.113/RAISE/NEF/r1c9fdcf4t.NEF, http://193.205.194.113/RAISE/TIFF/r1c9fdcf4t.TIF
r1ca0784dt,http://193.205.194.113/RAISE/NEF/r1ca0784dt.NEF, http://193.205.194.113/RAISE/TIFF/r1ca0784dt.TIF
r1ca254b2t,http://193.205.194.113/RAISE/NEF/r1ca254b2t.NEF, http://193.205.194.113/RAISE/TIFF/r1ca254b2t.TIF
r1ca2ef38t,http://193.205.194.113/RAISE/NEF/r1ca2ef38t.NEF, http://193.205.194.113/RAISE/TIFF/r1ca2ef38t.TIF
r1ca5a385t,http://193.205.194.113/RAISE/NEF/r1ca5a385t.NEF, http://193.205.194.113/RAISE/TIFF/r1ca5a385t.TIF
r1cad9823t,http://193.205.194.113/RAISE/NEF/r1cad9823t.NEF, http://193.205.194.113/RAISE/TIFF/r1cad9823t.TIF
r1cb7084et,http://193.205.194.113/RAISE/NEF/r1cb7084et.NEF, http://193.205.194.113/RAISE/TIFF/r1cb7084et.TIF
r1cc0e4e1t,http://193.205.194.113/RAISE/NEF/r1cc0e4e1t.NEF, http://193.205.194.113/RAISE/TIFF/r1cc0e4e1t.TIF
r1cd8d9a4t,http://193.205.194.113/RAISE/NEF/r1cd8d9a4t.NEF, http://193.205.194.113/RAISE/TIFF/r1cd8d9a4t.TIF
r1cde4afbt,http://193.205.194.113/RAISE/NEF/r1cde4afbt.NEF, http://193.205.194.113/RAISE/TIFF/r1cde4afbt.TIF
r1ceba29dt,http://193.205.194.113/RAISE/NEF/r1ceba29dt.NEF, http://193.205.194.113/RAISE/TIFF/r1ceba29dt.TIF
r1ced1907t,http://193.205.194.113/RAISE/NEF/r1ced1907t.NEF, http://193.205.194.113/RAISE/TIFF/r1ced1907t.TIF
r1cfc8ddat,http://193.205.194.113/RAISE/NEF/r1cfc8ddat.NEF, http://193.205.194.113/RAISE/TIFF/r1cfc8ddat.TIF
r1cfe520bt,http://193.205.194.113/RAISE/NEF/r1cfe520bt.NEF, http://193.205.194.113/RAISE/TIFF/r1cfe520bt.TIF
r1d00d8ect,http://193.205.194.113/RAISE/NEF/r1d00d8ect.NEF, http://193.205.194.113/RAISE/TIFF/r1d00d8ect.TIF
r1d1445b6t,http://193.205.194.113/RAISE/NEF/r1d1445b6t.NEF, http://193.205.194.113/RAISE/TIFF/r1d1445b6t.TIF
r1d16ad1et,http://193.205.194.113/RAISE/NEF/r1d16ad1et.NEF, http://193.205.194.113/RAISE/TIFF/r1d16ad1et.TIF
r1d1d501et,http://193.205.194.113/RAISE/NEF/r1d1d501et.NEF, http://193.205.194.113/RAISE/TIFF/r1d1d501et.TIF
r1d2bb70at,http://193.205.194.113/RAISE/NEF/r1d2bb70at.NEF, http://193.205.194.113/RAISE/TIFF/r1d2bb70at.TIF
r1d3bc675t,http://193.205.194.113/RAISE/NEF/r1d3bc675t.NEF, http://193.205.194.113/RAISE/TIFF/r1d3bc675t.TIF
r1d431afft,http://193.205.194.113/RAISE/NEF/r1d431afft.NEF, http://193.205.194.113/RAISE/TIFF/r1d431afft.TIF
r1d4377f7t,http://193.205.194.113/RAISE/NEF/r1d4377f7t.NEF, http://193.205.194.113/RAISE/TIFF/r1d4377f7t.TIF
r1d47bfc2t,http://193.205.194.113/RAISE/NEF/r1d47bfc2t.NEF, http://193.205.194.113/RAISE/TIFF/r1d47bfc2t.TIF
r1d53fccat,http://193.205.194.113/RAISE/NEF/r1d53fccat.NEF, http://193.205.194.113/RAISE/TIFF/r1d53fccat.TIF
r1d679eaet,http://193.205.194.113/RAISE/NEF/r1d679eaet.NEF, http://193.205.194.113/RAISE/TIFF/r1d679eaet.TIF
r1d79b6e7t,http://193.205.194.113/RAISE/NEF/r1d79b6e7t.NEF, http://193.205.194.113/RAISE/TIFF/r1d79b6e7t.TIF
r1d93553ct,http://193.205.194.113/RAISE/NEF/r1d93553ct.NEF, http://193.205.194.113/RAISE/TIFF/r1d93553ct.TIF
r1d99d1f3t,http://193.205.194.113/RAISE/NEF/r1d99d1f3t.NEF, http://193.205.194.113/RAISE/TIFF/r1d99d1f3t.TIF
r1da851e4t,http://193.205.194.113/RAISE/NEF/r1da851e4t.NEF, http://193.205.194.113/RAISE/TIFF/r1da851e4t.TIF
r1db2847et,http://193.205.194.113/RAISE/NEF/r1db2847et.NEF, http://193.205.194.113/RAISE/TIFF/r1db2847et.TIF
r1db351a2t,http://193.205.194.113/RAISE/NEF/r1db351a2t.NEF, http://193.205.194.113/RAISE/TIFF/r1db351a2t.TIF
r1db61cf8t,http://193.205.194.113/RAISE/NEF/r1db61cf8t.NEF, http://193.205.194.113/RAISE/TIFF/r1db61cf8t.TIF
r1dbe1b11t,http://193.205.194.113/RAISE/NEF/r1dbe1b11t.NEF, http://193.205.194.113/RAISE/TIFF/r1dbe1b11t.TIF
r1dbef145t,http://193.205.194.113/RAISE/NEF/r1dbef145t.NEF, http://193.205.194.113/RAISE/TIFF/r1dbef145t.TIF
r1dc4077at,http://193.205.194.113/RAISE/NEF/r1dc4077at.NEF, http://193.205.194.113/RAISE/TIFF/r1dc4077at.TIF
r1dd9d6bft,http://193.205.194.113/RAISE/NEF/r1dd9d6bft.NEF, http://193.205.194.113/RAISE/TIFF/r1dd9d6bft.TIF
r1de108dft,http://193.205.194.113/RAISE/NEF/r1de108dft.NEF, http://193.205.194.113/RAISE/TIFF/r1de108dft.TIF
r1de76a54t,http://193.205.194.113/RAISE/NEF/r1de76a54t.NEF, http://193.205.194.113/RAISE/TIFF/r1de76a54t.TIF
r1dea56e5t,http://193.205.194.113/RAISE/NEF/r1dea56e5t.NEF, http://193.205.194.113/RAISE/TIFF/r1dea56e5t.TIF
r1df374c1t,http://193.205.194.113/RAISE/NEF/r1df374c1t.NEF, http://193.205.194.113/RAISE/TIFF/r1df374c1t.TIF
r1e14f45ct,http://193.205.194.113/RAISE/NEF/r1e14f45ct.NEF, http://193.205.194.113/RAISE/TIFF/r1e14f45ct.TIF
r1e251abet,http://193.205.194.113/RAISE/NEF/r1e251abet.NEF, http://193.205.194.113/RAISE/TIFF/r1e251abet.TIF
r1e3303ebt,http://193.205.194.113/RAISE/NEF/r1e3303ebt.NEF, http://193.205.194.113/RAISE/TIFF/r1e3303ebt.TIF
r1e367d35t,http://193.205.194.113/RAISE/NEF/r1e367d35t.NEF, http://193.205.194.113/RAISE/TIFF/r1e367d35t.TIF
r1e3b4cdft,http://193.205.194.113/RAISE/NEF/r1e3b4cdft.NEF, http://193.205.194.113/RAISE/TIFF/r1e3b4cdft.TIF
r1e504ebbt,http://193.205.194.113/RAISE/NEF/r1e504ebbt.NEF, http://193.205.194.113/RAISE/TIFF/r1e504ebbt.TIF
r1e52a39dt,http://193.205.194.113/RAISE/NEF/r1e52a39dt.NEF, http://193.205.194.113/RAISE/TIFF/r1e52a39dt.TIF
r1e56884ft,http://193.205.194.113/RAISE/NEF/r1e56884ft.NEF, http://193.205.194.113/RAISE/TIFF/r1e56884ft.TIF
r1e5c27c1t,http://193.205.194.113/RAISE/NEF/r1e5c27c1t.NEF, http://193.205.194.113/RAISE/TIFF/r1e5c27c1t.TIF
r1e69b067t,http://193.205.194.113/RAISE/NEF/r1e69b067t.NEF, http://193.205.194.113/RAISE/TIFF/r1e69b067t.TIF
r1e7987b3t,http://193.205.194.113/RAISE/NEF/r1e7987b3t.NEF, http://193.205.194.113/RAISE/TIFF/r1e7987b3t.TIF
r1e79c6f9t,http://193.205.194.113/RAISE/NEF/r1e79c6f9t.NEF, http://193.205.194.113/RAISE/TIFF/r1e79c6f9t.TIF
r1e8e493ct,http://193.205.194.113/RAISE/NEF/r1e8e493ct.NEF, http://193.205.194.113/RAISE/TIFF/r1e8e493ct.TIF
r1e9082f9t,http://193.205.194.113/RAISE/NEF/r1e9082f9t.NEF, http://193.205.194.113/RAISE/TIFF/r1e9082f9t.TIF
r1e9ae164t,http://193.205.194.113/RAISE/NEF/r1e9ae164t.NEF, http://193.205.194.113/RAISE/TIFF/r1e9ae164t.TIF
r1e9c8a5dt,http://193.205.194.113/RAISE/NEF/r1e9c8a5dt.NEF, http://193.205.194.113/RAISE/TIFF/r1e9c8a5dt.TIF
r1ea13eb4t,http://193.205.194.113/RAISE/NEF/r1ea13eb4t.NEF, http://193.205.194.113/RAISE/TIFF/r1ea13eb4t.TIF
r1ea8ccbbt,http://193.205.194.113/RAISE/NEF/r1ea8ccbbt.NEF, http://193.205.194.113/RAISE/TIFF/r1ea8ccbbt.TIF
r1ebee709t,http://193.205.194.113/RAISE/NEF/r1ebee709t.NEF, http://193.205.194.113/RAISE/TIFF/r1ebee709t.TIF
r1ee65904t,http://193.205.194.113/RAISE/NEF/r1ee65904t.NEF, http://193.205.194.113/RAISE/TIFF/r1ee65904t.TIF
r1ee6f90et,http://193.205.194.113/RAISE/NEF/r1ee6f90et.NEF, http://193.205.194.113/RAISE/TIFF/r1ee6f90et.TIF
r1ef15cb3t,http://193.205.194.113/RAISE/NEF/r1ef15cb3t.NEF, http://193.205.194.113/RAISE/TIFF/r1ef15cb3t.TIF
r1ef16e0dt,http://193.205.194.113/RAISE/NEF/r1ef16e0dt.NEF, http://193.205.194.113/RAISE/TIFF/r1ef16e0dt.TIF
r1ef8b85ft,http://193.205.194.113/RAISE/NEF/r1ef8b85ft.NEF, http://193.205.194.113/RAISE/TIFF/r1ef8b85ft.TIF
r1efcf847t,http://193.205.194.113/RAISE/NEF/r1efcf847t.NEF, http://193.205.194.113/RAISE/TIFF/r1efcf847t.TIF
r1eff17eft,http://193.205.194.113/RAISE/NEF/r1eff17eft.NEF, http://193.205.194.113/RAISE/TIFF/r1eff17eft.TIF
r1f1178cet,http://193.205.194.113/RAISE/NEF/r1f1178cet.NEF, http://193.205.194.113/RAISE/TIFF/r1f1178cet.TIF
r1f11809bt,http://193.205.194.113/RAISE/NEF/r1f11809bt.NEF, http://193.205.194.113/RAISE/TIFF/r1f11809bt.TIF
r1f16e2abt,http://193.205.194.113/RAISE/NEF/r1f16e2abt.NEF, http://193.205.194.113/RAISE/TIFF/r1f16e2abt.TIF
r1f1a3258t,http://193.205.194.113/RAISE/NEF/r1f1a3258t.NEF, http://193.205.194.113/RAISE/TIFF/r1f1a3258t.TIF
r1f2c2acft,http://193.205.194.113/RAISE/NEF/r1f2c2acft.NEF, http://193.205.194.113/RAISE/TIFF/r1f2c2acft.TIF
r1f2f31e2t,http://193.205.194.113/RAISE/NEF/r1f2f31e2t.NEF, http://193.205.194.113/RAISE/TIFF/r1f2f31e2t.TIF
r1f3e6681t,http://193.205.194.113/RAISE/NEF/r1f3e6681t.NEF, http://193.205.194.113/RAISE/TIFF/r1f3e6681t.TIF
r1f40decct,http://193.205.194.113/RAISE/NEF/r1f40decct.NEF, http://193.205.194.113/RAISE/TIFF/r1f40decct.TIF
r1f446078t,http://193.205.194.113/RAISE/NEF/r1f446078t.NEF, http://193.205.194.113/RAISE/TIFF/r1f446078t.TIF
r1f48d12dt,http://193.205.194.113/RAISE/NEF/r1f48d12dt.NEF, http://193.205.194.113/RAISE/TIFF/r1f48d12dt.TIF
r1f4a44a7t,http://193.205.194.113/RAISE/NEF/r1f4a44a7t.NEF, http://193.205.194.113/RAISE/TIFF/r1f4a44a7t.TIF
r1f4f8a51t,http://193.205.194.113/RAISE/NEF/r1f4f8a51t.NEF, http://193.205.194.113/RAISE/TIFF/r1f4f8a51t.TIF
r1f5c8451t,http://193.205.194.113/RAISE/NEF/r1f5c8451t.NEF, http://193.205.194.113/RAISE/TIFF/r1f5c8451t.TIF
